,anger,joy,disgust,sadness,surprise,anticipation,positive,fear,trust,negative,valid_tweet_count
myrna99.csv,0.01646068814869006,0.03927323016393168,0.006995547300570491,0.019048676753082732,0.01266838473928715,0.0343847914196657,0.06855451957336453,0.012767515878170162,0.037501369938581434,0.0271446098488055,940.0
KBDeSalvo.csv,0.006907286285178602,0.04013400062437664,0.004092648624292317,0.006868818318461085,0.017768262981770123,0.04873649440148813,0.10163740665929741,0.0117797721269257,0.051740775652941794,0.015300027100348102,1659.0
HTracyDavido.csv,0.012905500054731185,0.05117900329952601,0.01110506307221153,0.017859655700781216,0.025266401350997333,0.03718188656535835,0.09258312388536846,0.022819706418970586,0.04461273675080742,0.0346743726601014,2588.0
CenterdinOaklnd.csv,0.003442994593060079,0.05861337081606048,0.0012388692170336602,0.0034190547815815685,0.03897867501154731,0.0443565624477003,0.0866081133803281,0.00330802200696818,0.05157800644322759,0.009227193301161875,5200.0
satyanadella.csv,0.00669920217778521,0.03213462538446519,0.003079993013026125,0.004041993251177029,0.013125616598839722,0.03467330707788042,0.08608716811585453,0.009186074166332495,0.03853250814904119,0.00999547354875037,692.0
jeffrreyford.csv,0.030634060277602477,0.04853162839575882,0.009903381642512078,0.025087915601023015,0.04051316738816738,0.07334780486634707,0.08805261465587554,0.027080669224211422,0.056207376560637436,0.04313406027760248,20.0
CarolynRife.csv,0.0071187881077413315,0.03382770032654706,0.0027512567898762092,0.004942983286349331,0.00820873518992373,0.02059322622107713,0.040584200850504334,0.007809883535669733,0.015079459105449687,0.01353237354450694,737.0
bexsmith2303.csv,0.012419471488193511,0.023662479268035733,0.008982076375289066,0.02236504199195543,0.009809063867560057,0.03604341977279303,0.049108340210142425,0.01534565199821149,0.03187854606811607,0.03071003035206049,176.0
VivianaLongo.csv,0.004714111922141119,0.01551094890510949,0.005079075425790754,0.004592457420924574,0.004562043795620438,0.01551094890510949,0.02162505310315529,0.004714111922141119,0.01676225234619395,0.0049574209245742094,274.0
HanninenRaija.csv,0.0016722408026755855,0.0410097149227584,0.0016722408026755855,0.0016722408026755855,0.0018115942028985505,0.01927058448797579,0.04616579073100812,0.003344481605351171,0.012267322049930746,0.005156075808249721,92.0
JoshPickett22_.csv,0.017948363127074828,0.043711054001706,0.021109878228888438,0.021658605643287494,0.01963195659189375,0.05224830921021023,0.0674957090118127,0.021585482249268578,0.06028846557126211,0.040426582080156315,67.0
sabema11_.csv,0.027698236208446362,0.03615727192510149,0.02685578961620904,0.02491888210665367,0.026227546583434125,0.03666129849481046,0.0681608979861284,0.02619664701643918,0.04859698276350654,0.05659109021098937,6403.0
msteGeorge_.csv,0.00577904115212475,0.030341809870595333,0.0043825868837887435,0.007910013113776536,0.013884886432083786,0.03816460432480714,0.07266897429580114,0.007694105837116592,0.037447427591907494,0.013264017102637514,573.0
amandasilveir.csv,0.011632386805868181,0.060124059499359686,0.010658330743636866,0.008321757687883447,0.03133775924056959,0.05284101039095293,0.09492915819264293,0.011466416710224766,0.08102229212876959,0.04173866600153695,232.0
courageousgirl2_.csv,0.03956331169052479,0.023208457815125736,0.029740142804979715,0.022919756354114165,0.02569016178688584,0.023278693298759288,0.05234379894339272,0.061445517550522306,0.04614326628539495,0.08498882639939201,6220.0
ysik696_yesica.csv,0.02443722587074046,0.060172160870381255,0.0007002801120448179,0.0018207282913165266,0.024997449960376315,0.041558013579763436,0.08213761371818704,0.010317460317460319,0.0744228611504933,0.0037687802393684745,119.0
TheBagLadyBaySt.csv,0.012026491512244282,0.06805399887904832,0.007115504673876586,0.015387845002755947,0.021676423321154718,0.05336096406745032,0.09774122338899474,0.013878216783326238,0.0638919311757316,0.030523414672250074,920.0
bootleg55_.csv,0.018658424908424908,0.02798115862631992,0.008923648036551261,0.014216100113808096,0.021903924928118476,0.02622715546102643,0.04651379086862957,0.024750682019357744,0.03424314967714798,0.038779939406000524,124.0
sventennis.csv,0.008477403761449512,0.03102152964989588,0.0045673699916403045,0.007830639412072564,0.013501984397414095,0.03469776821881536,0.06704520126135524,0.009566365419576828,0.0421237551681944,0.019534070593345283,8407.0
only1lovelylady_.csv,0.01246026700572155,0.058848287401697036,0.010599704590597418,0.01623622389768009,0.015655720791413277,0.03694069732006774,0.08042145652288922,0.026356270184887395,0.06863471573860705,0.023904405527433663,143.0
Fold_Alot.csv,0.014403808196911646,0.017350848385331144,0.013926622547312202,0.02486901348970315,0.005427841634738187,0.04055186512083064,0.052935474487198625,0.01585220016254499,0.029637763258452913,0.05160351781041435,87.0
srininad.csv,0.015086466165413532,0.06693416258663938,0.0031111111111111114,0.016542492595124175,0.026733058135534914,0.06021976793416424,0.09393473511352772,0.012930659983291562,0.0697097554148638,0.027730766309713675,50.0
dootsonlady.csv,0.0045881805739206374,0.014046044462240516,0.0018004458194381967,0.0029966714258306006,0.00679824811108134,0.019189797290324443,0.03300781714769899,0.008514798906460272,0.02960049258464655,0.00915209572061991,906.0
winecc.csv,0.0043690608908000216,0.023300309097742188,0.002258060610463356,0.0065031237514075035,0.008512595125867438,0.03561849308416815,0.04203290118497562,0.007604050538833148,0.025288161486052247,0.014712145003907018,69.0
smodisette.csv,0.014423076923076922,0.008639182168593934,0.0125,0.0019230769230769232,0.0076210826210826215,0.025622612967814207,0.03296897031417155,0.018425738491527965,0.011773299295985322,0.05507478632478633,20.0
poopthought.csv,0.016545965000318387,0.028839124131727446,0.009951203228613436,0.0156162063840258,0.018910637099996366,0.038958165170577444,0.06151240247045755,0.02440532692881742,0.03994772818755068,0.032697778163001116,69.0
amityron112.csv,0.015508229969014284,0.0342171980594016,0.009334389889945446,0.018582079296365014,0.018560432029152855,0.033009165852303096,0.06562681793774226,0.025388544436163483,0.04888579665657163,0.036384419519340155,189.0
ShowalterMG.csv,0.008801588417967729,0.04078353725005818,0.014724671292368825,0.01632664890691261,0.022828859867134614,0.030660631409067517,0.06752894316817291,0.008636035999398965,0.04272395293529714,0.025477988902826407,100.0
RobinRoberts.csv,0.009863154154986694,0.06130788166574501,0.005167046634539201,0.010152259702151254,0.025410912660964912,0.061193178762276514,0.09020797353294167,0.01222416945803406,0.052836232975795025,0.01907050465384076,31687.0
eliza_laskowski.csv,0.013302564207393636,0.030318199435391383,0.01392493789363369,0.022600628073220042,0.00967078690228861,0.02487896116009029,0.05764431871171015,0.01995865861963472,0.03421744587285419,0.033329429663092554,329.0
fly5962_.csv,0.009645387850516055,0.040674862937962145,0.003513770180436847,0.007749665483779197,0.017677880049674924,0.03273613737103146,0.05542203945771392,0.011411273911273908,0.043980618250406424,0.018276365754069206,117.0
pwslive.csv,0.012729680167462096,0.026324316565159142,0.006732812036680694,0.007782577196055503,0.011327302469889214,0.034921407662120145,0.07165290235934194,0.01482203164485019,0.03522737004763471,0.030389805441325964,216.0
AroundChiTown.csv,0.0,0.0,0.0,0.0,0.0,0.0,0.0,0.0,0.0,0.0,1.0
CoachMattBLiTZ.csv,0.00977566772169471,0.04171804483761006,0.0038980509745127436,0.01117774446110278,0.013366995073891625,0.018757799671592773,0.09478516933706985,0.029175828752290522,0.03276122477976698,0.02947340813720124,20.0
MKBHD.csv,0.011949948497792639,0.025804884081171663,0.007331906607959193,0.011426711671736277,0.013123044607621244,0.031001723909784413,0.051892552262271366,0.011884646705962468,0.03381997560348255,0.02306762591297607,44534.0
lindseywasson.csv,0.012805613542686162,0.02450680439986762,0.009996540111336162,0.011853656029819427,0.014358160589503021,0.028129747443135893,0.05225905804790448,0.014624147879575989,0.03229778728808181,0.027801767713843524,13060.0
mattdoty.csv,0.016568139564655245,0.017609800756962064,0.01429805192871395,0.01633136056173564,0.011962989186805542,0.023178869023304356,0.044790078746832176,0.02768518289116772,0.02588777423528397,0.033295087891316626,41.0
blessings4life.csv,0.015089664922768163,0.026913941474800803,0.010247744493257667,0.02093092540203983,0.011205321896406864,0.04188986891528248,0.06742739804529149,0.028853236515246794,0.04405227056973505,0.037471392289190865,121.0
thedrillsgt_.csv,0.014404176848352074,0.046861072190312464,0.007962046249014735,0.010062666045962237,0.017798470599505574,0.041140798495683986,0.0880193811417968,0.022071025038454966,0.05229868817262813,0.030583881004317897,405.0
mamalium.csv,0.016024731972524478,0.05335320742453675,0.008082803640602706,0.014202192215664933,0.01808291873864707,0.04898148452320706,0.08042865055920181,0.018037599118931654,0.049488251328784275,0.03129683371442359,754.0
whatlisacooks.csv,0.0040940396504350746,0.02039094143155489,0.004399875988368705,0.0035677605119969814,0.007038185204660533,0.020669067110976862,0.046963959206046055,0.006186541690526481,0.036603323641538475,0.011008337767994893,2638.0
marissssa_mcbri.csv,0.012410507897903338,0.029499222517610092,0.010650360527929205,0.015339762841990678,0.013070544745911253,0.028733812980124656,0.05488613759145746,0.017960041589267367,0.0364085523518329,0.03284026618426651,863.0
Forest_Theater_.csv,0.011015800916372642,0.038568636965937785,0.004381992969847697,0.008926433313726926,0.019415492863259713,0.038388878292722424,0.06619109413891451,0.008403113504961842,0.04079720152884714,0.01102316608809517,522.0
Car_o_lina.csv,0.015193880654240944,0.027735981316117937,0.011721375403110093,0.014952547403086578,0.011581484153660941,0.026100487674612562,0.04571304646921208,0.015758553255080444,0.029699640826027367,0.03135779230044678,2570.0
Blargers.csv,0.016907858451383182,0.032412585146772845,0.014328799455635706,0.015806135807238803,0.018094742858118965,0.03479961963079418,0.05555689771602839,0.019191606526698973,0.03358424368099297,0.03491381733801039,1336.0
ChrisVossPodcas.csv,0.012405725436932021,0.031562252022178355,0.007956711838229186,0.01359123356908793,0.01280040417828959,0.037276967041410376,0.07211431076070267,0.016642271038701088,0.046169353654387915,0.028762935196764122,13580.0
thejoecardamone_.csv,0.012693183431314542,0.03171292527909415,0.011354690789887982,0.008703347627181316,0.011918620238215695,0.02749407285241533,0.06715805730278114,0.010103027263204013,0.04007436945443575,0.022975911315444273,1140.0
AlkieshaK.csv,0.028330265948886154,0.029317987512665473,0.029786264150303065,0.0320181429558856,0.012776544302043238,0.02442613623165919,0.04623797645284522,0.02851458098805845,0.02609134990126471,0.06279739018100514,921.0
jsoltero.csv,0.010150948757269303,0.025873028371237495,0.008246383120993092,0.011004299643135733,0.013666834440747445,0.03395733576834329,0.0580566937876532,0.011750114018440404,0.035714590921440165,0.02401648666260383,4892.0
Tarraccas.csv,0.019627413170491027,0.03710800575744428,0.016145845428526512,0.022137063480125584,0.02560886866255453,0.040466951000158714,0.06983712279749586,0.02570938312575248,0.04421478662151065,0.04353228387067994,874.0
LUVVAJ.csv,0.013866434186808661,0.0281721917268389,0.008021721530356987,0.013230443362682141,0.011182910695825067,0.026737308878302952,0.058788185939097126,0.016220529754035748,0.033572410009970174,0.026190055452429587,6084.0
GerrickB_.csv,0.02050321766663743,0.02630595041109381,0.013205536062372993,0.02342429324713563,0.01737722503761351,0.042321897243247884,0.06194884180427403,0.02288394850065679,0.053915195316373156,0.047270830658694606,231.0
OldTomYoung_.csv,0.010724385978480916,0.014341848639266817,0.010245797328340269,0.011029974551298867,0.008686362852386352,0.01858171184867057,0.05653464082446284,0.021512176553864653,0.041121131474120186,0.028627211357482852,885.0
nabe1.csv,0.001949317738791423,0.025945007593207035,0.003898635477582846,0.005378944437116182,0.00765183313659768,0.018808196266645018,0.043993601299695484,0.00872063198933005,0.02619728301861266,0.01727737738818071,57.0
HussnainMahroof.csv,0.0,0.0,0.0,0.0,0.0,0.0,0.0,0.0,0.008771929824561403,0.008771929824561403,12.0
justinbernier_.csv,0.01719298245614035,0.013333333333333332,0.0,0.0,0.01719298245614035,0.01719298245614035,0.08771929824561404,0.0,0.04105263157894737,0.006666666666666666,5.0
tomglanz.csv,0.016673248111097216,0.032761804856188424,0.011053201863412467,0.014876249102481044,0.01574304677625756,0.03547718596311523,0.06254326360747857,0.017287776991368024,0.03506124290664489,0.032113141113881714,4060.0
Cliu00.csv,0.013806706114398421,0.03876725126725127,0.0,0.004451566951566952,0.004558404558404558,0.03400331861870323,0.05142496392496392,0.005437760245452553,0.05896927146927147,0.02352384083153314,39.0
katiecoats.csv,0.012036376401953859,0.03553181501671653,0.008167773787936324,0.012609404192011196,0.019420510178379126,0.036829360083933955,0.06394208137511435,0.018353876056586702,0.03513681515828228,0.028862303525013285,888.0
writerchelseam.csv,0.01245079509722649,0.043815110632036136,0.009115207550066704,0.016057917790141787,0.018737118163349133,0.037933513682246865,0.079625078200996,0.017477374183322188,0.04432134355053843,0.027650934107286498,1029.0
Earth_Unity.csv,0.015463971780181884,0.030845532632931,0.010556343430339888,0.015327224848045523,0.026632044842561604,0.033106639406263925,0.06981286954486368,0.024291646933130902,0.04747522459395417,0.03580480815734518,357.0
JAJAjoe.csv,0.018460470161886372,0.004832415420928403,0.0016129032258064516,0.009082415420928403,0.009082415420928403,0.0027346637102734664,0.021524686564419054,0.015628054740957964,0.009525604476823988,0.016847566936079916,20.0
junkballjul.csv,0.008522289236079545,0.032197323222285336,0.00394350428809006,0.010804732063733334,0.01725058868076272,0.04287836455807746,0.058027153437319554,0.008667448920318583,0.029214620407132404,0.01966656761872886,117.0
dubliportal.csv,0.00047225501770956313,0.006104975271641938,0.0014152205818872485,0.024738085338547478,0.004377037928731333,0.005177912138696451,0.009819082801538943,0.02504057548060981,0.006952844101966911,0.028898703884192748,495.0
chadmue11er_.csv,0.011475409836065573,0.011175096130146368,0.004098360655737705,0.02083008066614624,0.011130217687594738,0.02282426134885151,0.03563121141957179,0.012965722801788376,0.021571803248164958,0.03432569252241383,61.0
TheOnlyNishant.csv,0.008384803853667815,0.02259206856236752,0.006277561815464474,0.007987347316417044,0.006674982359538639,0.021733429814365584,0.04314893836965943,0.010630454505586787,0.0311588691876984,0.017190726783876266,478.0
Kiweez1_.csv,0.01648218298935085,0.021159894746269264,0.01599588175762179,0.017259206716949242,0.013610202541369677,0.022447599309005247,0.05010612508865226,0.01709184297188657,0.03657317994276574,0.04415939091069893,1720.0
FordeINC.csv,0.004762426900584795,0.044016161727849036,0.0020535714285714285,0.0020535714285714285,0.008544584500466851,0.032073179271708684,0.06057953707798909,0.0044846491228070174,0.0371282065457762,0.00609920020639835,100.0
VCooper51_.csv,0.01639718363506433,0.03127213627450897,0.011309407828736255,0.016636471468848394,0.02120030895031838,0.0331363798932664,0.07863083339461106,0.017057372601370576,0.043753725892427625,0.03233909197474166,956.0
AragoneJC.csv,0.013708361345785252,0.03831022063802062,0.007934994026587996,0.010636491758429276,0.01581948061875823,0.038576870368944735,0.07008649971229715,0.011490265760620138,0.0444821276290896,0.023966178182868992,255.0
Tpalmo1230Pam.csv,0.013613949645352754,0.0731067847188834,0.01303766827519163,0.014906859762506573,0.031981050839197875,0.045078205429221,0.10160629755880783,0.015116231339369655,0.06195705866969571,0.0296545447521891,284.0
ChiTownMaggie_.csv,0.008856987704179815,0.04222130454464205,0.007158956348095918,0.00944490937633953,0.0216464802342368,0.03482336048701781,0.08319799943077216,0.007617463863173588,0.053484883046468396,0.01778151656711424,618.0
debl115.csv,0.023775455311349603,0.019636777846532297,0.023994664034759437,0.016363830545871226,0.013271205234059611,0.02300483168875236,0.03681258729313702,0.014469356333358309,0.023494175494572094,0.04651399316616406,3193.0
Kelley_Smith.csv,0.02287878787878788,0.01534090909090909,0.0,0.0029411764705882353,0.0074866310160427805,0.013952101243500473,0.08487174375332271,0.028698752228163992,0.056266219873408574,0.03137551990493167,20.0
michaelaholmber.csv,0.01272347871064662,0.039693091497638694,0.010320432787099362,0.014582390679350927,0.016887076660132026,0.042930399965107356,0.0807552088798864,0.013278398154859804,0.048078935153044886,0.027963217132032262,925.0
Pharoe73_.csv,0.02199236640911616,0.017548365005992123,0.0056664763544125455,0.016644936983920035,0.014674175479260223,0.028899161102550926,0.0671180827960489,0.015039871321027855,0.029378984812683712,0.03371220559655255,59.0
CrazyMJsWife_.csv,0.018544746056308098,0.08451198649427595,0.012452809573113203,0.013302105698515313,0.021520129929886115,0.03861185188299875,0.11283047829655499,0.01852275773766471,0.06333920380150125,0.029101072735762148,682.0
Mark_Viktor.csv,0.02181729444180485,0.024682680857676425,0.022846399581516096,0.02007413204467202,0.010143709312112358,0.025878405773280436,0.05099637573395174,0.02131298659203385,0.031122608303059133,0.04072618674660777,830.0
RRStumpf.csv,0.019059603183797975,0.026518627238618073,0.013067188487359023,0.019215280554939297,0.014808309105840198,0.024169629779067923,0.08906421494290874,0.022871934670813134,0.048816169455502156,0.04393850512276562,311.0
krlanavarrete.csv,0.005747126436781609,0.0,0.0,0.0,0.0,0.002028397565922921,0.0,0.005747126436781609,0.0,0.005747126436781609,58.0
surfcosta.csv,0.0,0.0,0.0,0.0,0.00625,0.0,0.0,0.0,0.07333333333333333,0.0,20.0
JerryBray.csv,0.019577185473723193,0.026689023178710213,0.016040628333865162,0.020143700494447084,0.013369006090797875,0.02487243096705483,0.05661950151017736,0.028795551268940272,0.03463815228531531,0.045090933475582344,1023.0
rahulvr0507.csv,0.011047979797979798,0.0279491341991342,0.0,0.0,0.008928571428571428,0.0334505772005772,0.05504148629148629,0.0030303030303030303,0.028814935064935064,0.011047979797979798,22.0
tonyutter_.csv,0.015449812774215484,0.03523312317318515,0.012548238964609878,0.017841825399951064,0.019057491538376978,0.03527856705715417,0.06271954477234659,0.016795257947812912,0.03737855842998171,0.03351423988504631,1698.0
soon2bking.csv,0.013113334704536758,0.032649742811505636,0.006525900523339506,0.012986482095827135,0.00837466044936342,0.02154979192519866,0.05491805787908759,0.014862212663957219,0.04137415994061765,0.023207821121042402,3029.0
trixa09.csv,0.020700356879246228,0.03903702733699847,0.01811971961969876,0.016972223909228406,0.014300746352861342,0.04026327608878268,0.05637997493595633,0.022253887809083283,0.03792563546518309,0.04191173217069095,1059.0
coni12thwoman.csv,0.027959183673469383,0.05455247133818562,0.01933373349339736,0.039070294784580496,0.03908555729984301,0.05467865817655733,0.10544019006203882,0.049467120181405894,0.06969866617975862,0.07078498065893024,35.0
AlexCorretja74.csv,0.0032276233332123104,0.008071057059392777,0.002523487381776763,0.0025359343431346024,0.0034201862821402564,0.007160256221131853,0.014617507918260613,0.0035440416289721044,0.010616555470137602,0.008332416356953132,4728.0
NorCalBill.csv,0.009614177267670335,0.035986668408641745,0.002324434274091025,0.008244434274091024,0.02386022690889025,0.042238486654626275,0.0639406380188962,0.011854870152872751,0.03170137715771314,0.018960955122977102,125.0
PathfinderVill.csv,0.0,0.011350807662283071,0.001366120218579235,0.001366120218579235,0.001366120218579235,0.014356218739682744,0.062133857866217085,0.007962529274004681,0.024105325655575122,0.007962529274004681,61.0
MyShanDairy.csv,0.0025929751792272073,0.062320851570923035,0.0028811010201143217,0.006296551253347959,0.012109588483190045,0.04527991626545992,0.08585870723585819,0.003090665639883859,0.044408975438619644,0.008641372176794412,302.0
Martin3zz10.csv,0.01710572931249489,0.03078586849908372,0.016528992296145878,0.01918517118798636,0.014668081195516252,0.042052341723693126,0.048855697102928246,0.01925058052715079,0.029971008920148763,0.040311749687225534,12680.0
nealcapapas.csv,0.016188548101784658,0.028979835462790662,0.010880174111928235,0.013177348929106332,0.012103091913432387,0.03214657212845962,0.052980493753100606,0.018423934793348213,0.0346622902567991,0.038362024895719424,1030.0
cstapholz.csv,0.009995886466474702,0.0503752426063639,0.0013986013986013986,0.008049270990447461,0.03635919635919636,0.04622663436428618,0.09290969777835181,0.01581725807732,0.06095483395518601,0.020257588988239143,65.0
ryanbello.csv,0.013469913033405442,0.03789971947402437,0.00864555728524838,0.014664855616372539,0.016883446504312033,0.03281247346225722,0.06725639219210704,0.016699347365306393,0.03639485480772222,0.028543894375918782,7199.0
mljoker93_.csv,0.01790741309972079,0.043399549168779944,0.022702297702297702,0.018361776068542984,0.01961820231051,0.04323859900782978,0.055681238785634385,0.025342341290866453,0.03967264420561124,0.06222418655183257,91.0
RebeccaMHowell_.csv,0.015830362665974325,0.0310035120601477,0.00984464934310785,0.01806173217279786,0.013978661448528062,0.04154658407415067,0.05493811840725976,0.01948307612872287,0.03654661884544988,0.03212181498900571,901.0
KiiKcreate.csv,0.009213248142438991,0.03344038224890676,0.004078676017917573,0.013173978186473699,0.01383651567866248,0.03625077195197238,0.053560825895607546,0.004955795231830868,0.022553109686144657,0.014632360669564986,729.0
LoriJulia_.csv,0.01329811142717825,0.04136069695013564,0.008869232408433602,0.014292869894487581,0.01781900388767823,0.032635412336675905,0.070004668578663,0.0143018040648676,0.03881808631388545,0.02491845076558569,4500.0
glomob.csv,0.031098153547133137,0.03166504697116942,0.0,0.0,0.0,0.05573224960980063,0.15400850094727675,0.031098153547133137,0.1321401576503617,0.0,147.0
carleton_snow.csv,0.00972193329172734,0.04065551518970552,0.006543990177722847,0.013911685635672714,0.029426542408101167,0.05347194669048217,0.0847275110002395,0.01663353802686149,0.036298443928306626,0.027880057559287602,50.0
stephengillett.csv,0.014391986165209958,0.024847529978537303,0.006477981161329079,0.012025452609068498,0.015983358058982124,0.03171513042498104,0.06049897348068246,0.019698937851941913,0.038845744193296436,0.03049841401979852,2980.0
KTej13.csv,0.011922957046259378,0.02310322075756789,0.01164501783989462,0.013997138795522217,0.014596477856573569,0.023300506111481552,0.0542615113417058,0.014145151989708444,0.03568153316696727,0.031431094399016056,1297.0
marceliuzca.csv,0.004047224196477928,0.002803443101950565,0.006987070419906241,0.004634565268893627,0.0007107320540156361,0.0010424070125562661,0.007030101989770282,0.005291005291005291,0.007573244886677723,0.009094588385633161,201.0
snakepitalehous.csv,0.0,0.013333333333333332,0.0,0.0,0.0,0.021666666666666667,0.0225,0.0,0.01888888888888889,0.005555555555555555,20.0
Oleblloyd_.csv,0.00853686567194881,0.015309879459366084,0.0016558278428433467,0.009206205134074297,0.007597465769290434,0.017820733316600362,0.053363582661313545,0.015154936243836,0.029300609315880077,0.016203748630091018,108.0
MrPhilHarrison.csv,0.008819207602518036,0.040662145869606536,0.00462579674443406,0.009225647215027563,0.01911748835794153,0.04487208428600348,0.07796494075970248,0.010097840742094083,0.04225727800055488,0.017222272004314924,408.0
Sequoioideae.csv,0.008044598636066916,0.08582835487867412,0.07954744649135839,0.08387745728355404,0.07995538576753844,0.08638411056580081,0.0933574258449386,0.08325631916241595,0.08706257012267604,0.08908669980747914,280.0
sharkims.csv,0.01485035126651189,0.028071454410004144,0.011070686310278582,0.014708183787101647,0.017308847159765522,0.03221528468498015,0.05634346632210781,0.01457596458900272,0.03317836418220073,0.028183147127366862,2561.0
suzannetaub.csv,0.0203266872016872,0.05974213960352436,0.023050453334544245,0.02157844694135017,0.02254730524570464,0.021361326293437278,0.08408039246290819,0.013853586434390976,0.040377244136414275,0.04516548147429188,330.0
tweetviaphoenix.csv,0.015051489586064054,0.03836165607442211,0.005379484581612237,0.016652127423404016,0.01790523601693814,0.03826178401976287,0.13013059930613055,0.0213013744529702,0.046476357566783144,0.03800284969167953,1880.0
federalli169_.csv,0.02576845758079752,0.027507458894864542,0.01937357219995519,0.014781055691620018,0.013014493282282909,0.033301648438247296,0.0750985304190455,0.027999090079999754,0.05410978800900433,0.04789803680297664,240.0
rodneykeene_.csv,0.016454149573559618,0.02524253766083831,0.005504164970679458,0.01284005911306393,0.04036230916390877,0.028021685624165026,0.05235270791363841,0.021523992403690583,0.027923083387264677,0.02460023021196575,108.0
JasminsTable.csv,0.0,0.027979797979797976,0.0,0.006545454545454546,0.002,0.01537878787878788,0.04256313131313132,0.0,0.026767676767676763,0.008545454545454545,20.0
lileiguang.csv,0.01735771517757341,0.04297106088862965,0.008404157502893594,0.020276654726466076,0.018806088017084263,0.04131359513478872,0.08530526504245096,0.022880784868845594,0.05168788989257965,0.03362197873349612,242.0
eilujkell.csv,0.007936507936507936,0.009259259259259259,0.007936507936507936,0.007275132275132274,0.004273504273504274,0.038444580111246775,0.026098901098901096,0.0023148148148148147,0.015847578347578346,0.01521164021164021,18.0
RobbinsGroupLLC_.csv,0.015324142982637012,0.025486873263070736,0.007416211805147285,0.011570120096289058,0.00934696729988626,0.022379323930455008,0.06856753423854145,0.012742868905170419,0.03706951472752512,0.02902476736278592,9420.0
Warrej_.csv,0.01702854538773818,0.054392065046481676,0.01669099516475539,0.01652339756794026,0.015411322843924002,0.0186135952871191,0.09291439652979068,0.018354460404810355,0.07519379550545321,0.04002873408066402,2000.0
chasselljones.csv,0.0229310243844617,0.04008236502843317,0.011917882058096331,0.018797650876187722,0.022093317758952437,0.04585911902660278,0.06788724548518536,0.03258004860192423,0.04379036281439098,0.03065716518234818,55.0
qwikshower.csv,0.015476190476190473,0.030537518037518037,0.011201298701298702,0.004464285714285714,0.013095238095238094,0.027759740259740255,0.058991702741702734,0.004464285714285714,0.06095598845598845,0.013582251082251081,20.0
ricinMD_.csv,0.03890901847861123,0.040867418173552765,0.028603903175085373,0.02892329030368002,0.0393204158111318,0.03778971506202556,0.06957692011775775,0.030870079227460667,0.04386499188199258,0.06195851487604629,531.0
HumboldtMobile.csv,0.005165078570317156,0.07779294735885132,0.004199735170380288,0.008077152412254231,0.01734608980709706,0.04999601924566071,0.10177660882906629,0.005535654930000953,0.043658794752517015,0.012265384967963939,859.0
TheBandTheYanks.csv,0.008116883116883116,0.029061624649859945,0.0074866310160427805,0.01992997198879552,0.02278711484593838,0.029929971988795517,0.037633053221288515,0.010714285714285714,0.014215686274509804,0.03409090909090909,20.0
JCitrolo.csv,0.010329893228494893,0.03528072456567697,0.005525672941182655,0.008987031181986321,0.013888013300901076,0.03448789756697871,0.08692075903124237,0.013723788289661414,0.04230646891110953,0.02185749674492454,799.0
chesskillertips.csv,0.0054928320996373925,0.02699149535244276,0.0013726725724946564,0.008225368815550067,0.025246876657696187,0.020763816097909282,0.04425606511061862,0.007307841250018499,0.029978849714477427,0.006846143527451211,115.0
GabriellaNY.csv,0.01123515915996059,0.08808746837066415,0.004437557959814311,0.009522305802745323,0.018096923229872452,0.049504168000859036,0.113882100020875,0.009877543759447526,0.053465452442912745,0.01967002045652391,806.0
vicki_hou.csv,0.017060701073049262,0.04080840815017413,0.02262676337859225,0.028689551128921374,0.02470244026029818,0.03742427960911646,0.08402962378348275,0.02496815085250779,0.04541348303652673,0.04043901407328927,245.0
ibjade.csv,0.0073716241069086055,0.03787703700548032,0.0045268953369808134,0.006393608108316874,0.019920295041211927,0.03434620257110187,0.06933047916088735,0.007800554894105982,0.042004914626429274,0.01728399551177803,840.0
Rajacenna.csv,0.007119178936406878,0.052090953646478665,0.00701576589261304,0.009341884756022763,0.026626737887063878,0.04715930772986452,0.06959303335247141,0.009347650303718239,0.04136733316089448,0.017263270294729835,1864.0
revjeffgrant.csv,0.036390435902862686,0.0367750482182662,0.014264925445910105,0.026217594104504128,0.008513131137137671,0.04109626020012879,0.07838637540150582,0.035088358740949094,0.062241383563170216,0.05432739206109717,9957.0
officership_.csv,0.01728677049600973,0.025423973503404102,0.00957409858414049,0.015496938937406333,0.013806637531377784,0.032860901332022255,0.07208106687297981,0.023450151393527904,0.0479588528633811,0.035893960352808264,4947.0
plagerisms.csv,0.01715764638106843,0.02439366646431925,0.016279582248086212,0.013316652366620428,0.012828366738272224,0.023082765828929635,0.047463590625946545,0.016810953460421548,0.02793348077413816,0.025543653172362162,480.0
josephzhou.csv,0.013267873324003112,0.014107869245412692,0.005778085650132895,0.010600667823131304,0.008817929847969969,0.026477432360973767,0.055823130051561,0.016959309290010015,0.03831725069105376,0.032397858591618534,254.0
ronaldskelton.csv,0.005095107459197384,0.02650042564642152,0.0033434825569480125,0.007244948651079745,0.010915497704949937,0.02814067146064512,0.07674946598901752,0.009128020869594293,0.040930874765803676,0.01544925239103449,5980.0
slamb63_.csv,0.012055155436759127,0.0150638607046599,0.00897386136009408,0.014677926584557828,0.005290980990088313,0.014718357822211203,0.045207339268816135,0.0216497019052067,0.018746013060538975,0.03304593177904029,112.0
Daytrippr777.csv,0.014654429244833612,0.02757766017552928,0.008450781689162403,0.011189701656030164,0.019427740935018013,0.034699299071906206,0.05101947364509553,0.009979477386966827,0.03056771787453479,0.025180256016154152,732.0
Allison0414.csv,0.0101010101010101,0.08740601503759397,0.0101010101010101,0.004545454545454545,0.055059523809523815,0.03333333333333333,0.11801378446115289,0.004545454545454545,0.08358395989974937,0.0101010101010101,20.0
forginglory.csv,0.019197363458269806,0.023960388144168433,0.015198716402380762,0.015050115076947784,0.014006201586434714,0.027740711943033774,0.04679191583149063,0.019724468566840084,0.03645828615938947,0.032649172400291075,1868.0
VanessaShealy.csv,0.007065264732994938,0.04150615744483778,0.004866748820370949,0.010236392226446824,0.015209855786600399,0.03948967701187734,0.06443490884980996,0.00891625049822069,0.04191055160106841,0.0170106128748051,1894.0
JoesNoLimits.csv,0.006093134216860247,0.04846642045010859,0.0017766116110336009,0.005259564614728605,0.009524184068290907,0.04975018962760821,0.07012785079480255,0.008166575939185475,0.03708665551279336,0.010719639184630515,1202.0
blpfunk_.csv,0.020764171526930726,0.019941562767794692,0.01289090180956897,0.02569797790758965,0.024467224564387,0.02502837689352262,0.05432925004046859,0.027023200280413166,0.03815392671894846,0.04742652624081518,1331.0
MarceloRios75.csv,0.0010744183725550187,8.662508662508663e-05,0.0004632390113756573,0.0005521437055435094,0.00039067914067914065,0.00028153153153153153,0.0030568014553370377,0.0010744183725550187,0.0016825626490330138,0.001497896770861792,296.0
duelly22_.csv,0.025241697851642698,0.04176623880722384,0.025529188375690532,0.02648652029249982,0.02826485519976106,0.05340757824297626,0.07949137140119651,0.02420119518636151,0.05084324351097888,0.042193984792108945,89.0
MDG1972_.csv,0.027574572248166094,0.03491382844236441,0.02648751197710805,0.02199104441116205,0.013462134733429066,0.017199053644315163,0.05626097979015247,0.027626875943385743,0.029555094297899244,0.057828675976393094,2514.0
SalkMNLO.csv,0.0,0.08333333333333333,0.0,0.0,0.0,0.027777777777777776,0.08333333333333333,0.0,0.03333333333333333,0.0,6.0
globulltrader_.csv,0.014224837662337664,0.026606657457267213,0.00909090909090909,0.01700261544011544,0.0037037037037037034,0.008754208754208754,0.07468497923313203,0.016497564935064934,0.0452403976742212,0.028706800144300142,20.0
1SunRisen.csv,0.019824825141973253,0.019973165550453968,0.018070820870834742,0.02125795443879462,0.010050885150418578,0.021356762266378126,0.04741662261783733,0.022189128259351047,0.034955325610839735,0.04648501801424057,7160.0
princess_rah_12.csv,0.017182200837324177,0.052620290097292806,0.026214458901840303,0.017153214169343203,0.013848510801319975,0.025093720126823826,0.07998770894241564,0.017241539822184983,0.03593273034521693,0.03486876898321911,310.0
eileengreenauth.csv,0.006185381628354714,0.03584200563471614,0.005791582168439704,0.007322110380666991,0.015963359879468394,0.02536590338734025,0.05170661650275599,0.009375666060075491,0.03788842570779228,0.018270511274911232,1099.0
alexisohanian.csv,0.00938229030096936,0.03510829267383462,0.006551174267358327,0.007604147811865474,0.014801211769294349,0.03489466724323217,0.07135092026723132,0.010143240262021777,0.04136301528346543,0.018389728059663955,5980.0
susanne1229_.csv,0.01020408163265306,0.030952380952380953,0.022379406307977738,0.026275510204081635,0.07746598639455782,0.03969363969363969,0.13423600209314496,0.07603586889301174,0.12658294086865515,0.05136054421768708,14.0
DoLLyRach.csv,0.014601811573156874,0.04087091793469235,0.014235606749751491,0.018205352606247217,0.017338072933480483,0.04053069338078345,0.06141859428451956,0.017591434140212362,0.03728112247066715,0.03404971278333693,13543.0
VictoriaAnn841.csv,0.028505040563233247,0.04880342277203137,0.026838881472183287,0.023850007979037698,0.018377876161532473,0.0350531509187751,0.07842722455982097,0.023914011197565522,0.049362785131886903,0.06362987258198449,2270.0
mela0521.csv,0.013976843418881422,0.04715625869597485,0.012532797754024497,0.01720720594593501,0.019634303600204954,0.042125013780282994,0.07649659918766692,0.02023880868864981,0.046003096579521535,0.033663291243041266,3486.0
TNDVS_.csv,0.006200980370490556,0.021338556334670484,0.0030677169132766226,0.012398476003450731,0.007207970897225504,0.028163329690152835,0.07946428552843916,0.01695214540882177,0.051501461106536445,0.020549628824355813,545.0
Tassie206.csv,0.013871625309400854,0.059997479322096384,0.011217709999817124,0.018838868063684493,0.01997045943804575,0.03615495915267854,0.08829144306100005,0.01803084143219184,0.0475037952226781,0.03547431330484634,359.0
Jakeweindling_.csv,0.020688903746572705,0.02256859632892093,0.01528732585166663,0.01602837678454586,0.016177222011851455,0.02530977186689386,0.051067362530082754,0.021139547344520473,0.03607716050330204,0.0398949296602204,8920.0
shipmeant2b_.csv,0.019418270258018188,0.03494787842370612,0.012124671771604846,0.021600137771286086,0.01860050171203742,0.036721695736992965,0.07545469169928838,0.03107519972240214,0.04831033520674437,0.04199379332889547,7970.0
alexnoodle.csv,0.01807212841200613,0.0254612090896467,0.01796524648061669,0.016669684891048888,0.014308660194538133,0.028305490635680414,0.05261494116225468,0.019065342843749007,0.034597238055526995,0.03849573638113168,4960.0
Killamanjaro85_.csv,0.01329599567099567,0.027393689643689646,0.009446803196803197,0.02451073926073926,0.004982517482517483,0.03775624375624376,0.10219222444222445,0.03490451215451216,0.05857309357309357,0.05219555444555444,20.0
wayilong.csv,0.003859791524265208,0.04759926823654691,0.020756578947368418,0.0046007876834944506,0.02481632794511766,0.041186389375908634,0.06855548817736858,0.010393660296434471,0.045535044512579066,0.02967941324981237,266.0
DarylCerdinio.csv,0.01116964758269106,0.04093969454641393,0.010016844157160363,0.008990345403388882,0.008886754440114122,0.03264111380537794,0.06584207816576257,0.012196398609442088,0.03244285953927122,0.024719061132104612,99.0
dirtteamgirl.csv,0.008254677886129087,0.06303437465420994,0.006756339153897692,0.006048891440274935,0.025486655719961834,0.056743824411096884,0.08332674953601041,0.01005441192477172,0.04873669871586437,0.020802488847036282,824.0
MyDailyArmor.csv,0.0011111111111111111,0.05602013626470147,0.007958937198067634,0.004166666666666667,0.007838203463203464,0.03496404983904984,0.08572761296674339,0.016454365079365076,0.06207926855752943,0.015377352116482551,20.0
nikitamaloo.csv,0.008848707393588178,0.058135585355199866,0.010080645161290322,0.006429023222192102,0.016597477211803588,0.04525435746660654,0.08860110332259036,0.021146443605996185,0.056718385299355044,0.020129695275619707,62.0
newstiger.csv,0.01898439852820895,0.02723748789001437,0.016246483094608865,0.02066189943459334,0.01584408641070639,0.02996197663082642,0.058405009842133884,0.028696473819075547,0.044524470379618424,0.04782738917484262,987.0
AmyChoyne.csv,0.02555580013207132,0.097051763024497,0.017800890258517377,0.014599383667180275,0.017561205273069678,0.05091240332581526,0.1343906952786835,0.020552376060850634,0.061850664687805444,0.033223744240693395,118.0
ngonzales78.csv,0.018860753585991506,0.010225142250419525,0.011228013667731747,0.005850078107674669,0.006815828663591652,0.008604732423578745,0.017991573264096963,0.020263048457477676,0.012906481169195648,0.02832610442080434,2656.0
rajnish_samir.csv,0.004532348607222324,0.014776197797217836,0.004921100480820214,0.008720719862157045,0.013260288096323618,0.019045064895032306,0.040512876621757454,0.01126098111901436,0.038256941053502885,0.008780353595613494,114.0
dtonseth.csv,0.014074373164812512,0.020231283005550053,0.008091684479314187,0.010108731573717392,0.010165138019080719,0.03312395878440237,0.03997189445577036,0.012369382795218703,0.02910697520738401,0.02614435712645273,588.0
mamoonha.csv,0.008830712955777944,0.03620377031778755,0.006694540246193499,0.01010949633413522,0.017198238325283905,0.03683081980422902,0.07405938646538708,0.012828045862387368,0.045847855748955765,0.02364292663282557,1324.0
healthyfather.csv,0.009887427747583492,0.052406302566616665,0.008598348494557108,0.014100531804179863,0.02299268351309767,0.04150422953353714,0.10251584797397899,0.019684551621885076,0.05112006741634424,0.02723944065044124,201.0
djones_weather.csv,0.005008738657416684,0.005347903486523342,0.001672903367818622,0.0017050913842681396,0.003429273510992639,0.010686492454206234,0.026278479134338242,0.0029591531279816183,0.017655064634802112,0.012824512328444143,413.0
singlaank.csv,0.005237409286241942,0.029817646905362823,0.004827631422073866,0.005610851641781256,0.014437535037654008,0.0353857776888223,0.06465121199773236,0.007490190335202907,0.04112354527941064,0.01306805627342787,1483.0
PhillipTino.csv,0.0,0.022727272727272728,0.0,0.0,0.02987012987012987,0.04489177489177489,0.022727272727272728,0.0,0.05974025974025974,0.007142857142857143,20.0
karomuchova7.csv,0.0020152505446623093,0.026522361081184605,0.003439751969163734,0.002701121600903736,0.020472719002130765,0.03330502785159647,0.034779038237643896,0.0020152505446623093,0.024631928982419175,0.007979158741685975,108.0
NEF_LISC_.csv,0.007324378975274958,0.024943276903876044,0.004772423131068471,0.009048802473034257,0.01082467767130523,0.027597544668208452,0.08027316878222202,0.009636103716604333,0.04202759293267674,0.014346514500914986,341.0
CharlieLance_.csv,0.01974793797653469,0.016956888755134056,0.011959773880704246,0.015534624866307186,0.008273638887137925,0.02045455474260069,0.04326789273069203,0.025191128772952102,0.027070167381704684,0.03853415311231659,885.0
Orange_Papers.csv,0.02535198401938367,0.03688130414125087,0.020358573996137563,0.02313069356363913,0.0330193957568724,0.03544374146572429,0.07387358845154877,0.03208207910477639,0.05335249292897222,0.05353385635601195,934.0
Paulinaqueensny.csv,0.0038623284639220895,0.03952490730194156,0.00478853815507202,0.00610789166566059,0.015520120067719146,0.03864763995818724,0.06148601496837035,0.004816009751530824,0.029331426590532575,0.012332847542010889,251.0
BigBoyCasey.csv,0.016499332537917914,0.048680647526805704,0.01339898495390851,0.016117471303380523,0.02339943714505275,0.04974324041404348,0.0685280570497463,0.013768390060582043,0.036272725148432335,0.03667451227649982,1333.0
GaryGwolson5227.csv,0.013975125710622071,0.061229648898343675,0.015154671970813494,0.013962636467363598,0.01109184728043289,0.043649799260801724,0.0782020697842244,0.015389930160106436,0.01649037320756886,0.02978329646037379,65.0
latanyalucas101.csv,0.02591680101712863,0.067970761092133,0.021900547716910267,0.021466056491742096,0.028328193066067448,0.03547974857100506,0.09401827092213315,0.019393037766731507,0.05762459892934595,0.045997453971556544,252.0
calzgraphics_.csv,0.004053163261585101,0.026042384745615113,0.00878932083539504,0.008829021569364576,0.008094418120857422,0.014375858029506746,0.03644165703631945,0.013097342984725409,0.02975103789623458,0.022511271704653495,387.0
TBrave.csv,0.005444355783665532,0.028194428697369947,0.0043026190689107145,0.0061869433151297325,0.011346885333384368,0.029070539166195588,0.055964826905398724,0.007616024934977321,0.0322560318133686,0.010238077378146688,1120.0
jtkstc_.csv,0.009375,0.023839285714285716,0.01294642857142857,0.03021683673469388,0.05982130533372769,0.014591836734693877,0.05301704377403136,0.029196428571428575,0.03642986542443064,0.05331207482993198,20.0
SeattleSPU.csv,0.007306052059633481,0.02773740845545786,0.020693690853810343,0.00782019864461427,0.009734366895860533,0.026417796880015297,0.07200539833722248,0.009353157042578806,0.03533594859952543,0.032592433964371705,4759.0
TrulyDougTaylor.csv,0.01438352853268989,0.024729985279736143,0.009253207730092528,0.014958345654449317,0.015441704513561826,0.030063229289921455,0.054484574766165396,0.01668105126989815,0.03606051089356871,0.029076020683894945,14445.0
Okameister.csv,0.0109107997265892,0.01978201622938465,0.0035714285714285713,0.0,0.014904306220095693,0.032144863146007306,0.05485066611496817,0.009774436090225564,0.04393805025383972,0.006904761904761905,20.0
MrsKaminski1_.csv,0.007707885880732772,0.05310712499752524,0.0052282866008356195,0.0029739724239065475,0.012101460585536798,0.05460742022597541,0.09112595176201266,0.010246160944744703,0.03194146123171381,0.018390158714879194,132.0
therealsamuelc.csv,0.02381256121105249,0.018008840980690957,0.022434849476639106,0.01538815079395899,0.010096207911033687,0.018774544122805516,0.06085455907374854,0.016979284808638886,0.043584431981136845,0.04978406434761305,827.0
murrdashewrote.csv,0.011485359902835269,0.03620825435126191,0.010480170083165985,0.015331751673965437,0.01286892747415021,0.03887556695739689,0.05545874800594496,0.013595875891626094,0.03297249952176091,0.02939549169231687,396.0
wiredhigh.csv,0.026447751051121175,0.026081634488528252,0.02115466924788959,0.026776588879959005,0.007129840498484565,0.03330719365979102,0.056189614323482295,0.02240994645655663,0.038295575394485214,0.04145072631948448,118.0
206moose.csv,0.014490816089281563,0.016620329482648327,0.004221563460693895,0.010098419033841028,0.015379531230980506,0.025610533364618108,0.037748571337835594,0.0058224077280565655,0.029668698339192053,0.032612872114150884,138.0
Moogilu.csv,0.0008032245532245535,0.0903284174259413,0.00033738191632928474,0.00021561771561771564,0.003310061398296686,0.08423919704879504,0.10278367172330126,0.0020290725786081807,0.08132575055949731,0.003812136006408446,1560.0
smkee22.csv,0.012655918239571906,0.03671052683910129,0.007380628177439947,0.010397642400065512,0.0235672886160472,0.031956254107350555,0.06872954110811534,0.016758380127520227,0.04741715566968295,0.023627651903151106,734.0
SmileAgainDDS.csv,0.00945122820675909,0.046816889648258,0.007422529628079073,0.011160095764957382,0.026640381768007947,0.03815291963011727,0.07043083728173727,0.013046620432665686,0.04624821913221926,0.01801384328346486,559.0
kenyankee_.csv,0.020586170827161937,0.02284327240149659,0.01619973430494137,0.017572344236358377,0.014308871606353113,0.023899387440638447,0.05387390625988675,0.016325119888616263,0.03739813873129774,0.03950936091119282,766.0
enlightphoto.csv,0.014236954978957791,0.028988379520926994,0.007517877964731224,0.015549671494361891,0.016980989161059508,0.0311827118819121,0.056923607320348554,0.016234790567424984,0.03086924413894463,0.027674921254497272,13180.0
garjones.csv,0.012173351972670176,0.027707393740832715,0.00910410689619249,0.014120714249822615,0.013199782879624965,0.030461175969693843,0.05532732753201831,0.013642204182273802,0.0302614742261123,0.03095409414531557,1059.0
LeslieDTrew.csv,0.007714223126374828,0.03664056026155874,0.003244020289474835,0.008873747083649308,0.013271787135423499,0.03138603938567075,0.05721546233812353,0.010034590257289384,0.024563348861477208,0.014131332171544666,132.0
jodawi.csv,0.02484895034267889,0.020119131388841967,0.010254182313857618,0.021044967690440567,0.01666380128955337,0.023572564559250667,0.04667778116678354,0.020736884915157155,0.040864565418083476,0.033427494886360265,139.0
abubokor1993.csv,0.0,0.0,0.0,0.0,0.0,0.0,0.0,0.0,0.0,0.0,6.0
friedberg.csv,0.00811214204322032,0.012697953165405588,0.008553373556186935,0.017390852843300997,0.007151112656143805,0.020768831129582305,0.04890079278884929,0.025513222617186773,0.027721934337879953,0.04104004237253802,343.0
rmh056.csv,0.019558940966899682,0.03141132784670583,0.013828506044564585,0.018501438276068472,0.011689899645380444,0.032780597653439186,0.06111530872847842,0.02651761190371525,0.044114364396012136,0.0370302631142064,2451.0
danastephanie.csv,0.01229154011043523,0.04999371056357453,0.009314637193897015,0.014673085904532547,0.018206139850393675,0.03736214490379838,0.07172550320981748,0.014622477860107735,0.03840467332691783,0.028086104182104322,6410.0
AnnieNero.csv,0.008813924741344095,0.05246676576931238,0.0066411354521110615,0.006921949452437258,0.02171085847556436,0.05026709928275391,0.08986704729129058,0.013933963933963935,0.06585331486896952,0.020486280298204675,148.0
tashems.csv,0.0011441647597254005,0.01879231998747993,0.0,0.00946699609767961,0.007827934676009493,0.02238999537883514,0.04082586959283761,0.0091946507949033,0.01579884686301632,0.0061215578328303434,92.0
tracyqou.csv,0.024539118880085583,0.039817637290898496,0.023392870337371075,0.024116215767935725,0.016491310339623404,0.032691454338939524,0.07099363615982696,0.023939594826093938,0.03684339213484868,0.04230283864315911,811.0
stanandtayna.csv,0.0,0.26,0.0,0.0,0.01,0.01,0.26,0.0,0.01,0.0,4.0
pgrl29.csv,0.0,0.0,0.0,0.0,0.0,0.0,0.004166666666666667,0.0,0.0,0.0,20.0
IamChandgo.csv,0.007633928571428572,0.06908197577276524,0.0,0.007696428571428571,0.030133928571428575,0.08243209787288736,0.13397880116959066,0.01416170634920635,0.07591530910609859,0.014235576923076924,40.0
ePositiveVibe.csv,0.0017919580419580423,0.016226082944832947,0.0005208333333333333,0.002793560606060606,0.014163752913752917,0.017453071767975618,0.03992136306883379,0.0005769230769230769,0.020830050778838403,0.00423794955044955,208.0
BellevueDT.csv,0.0048444755267897585,0.04128129481379464,0.0019287870646729442,0.009114279459944558,0.01935276990057627,0.04387693270242915,0.07883893190280895,0.006034050162805418,0.04015516217537792,0.01216870787372153,4702.0
DManFWTX_.csv,0.01755802229688686,0.02324303532274048,0.010444442838982585,0.013568162596719014,0.014506906666839068,0.02794604933676245,0.045741154194701705,0.017533502261959686,0.032040204790822056,0.03301347904990984,2200.0
HempNews.csv,0.007423744019138756,0.0069718567251461985,0.015583466241360977,0.008639021796916533,0.008639021796916533,0.012975146198830409,0.050561299081035925,0.020703273334852283,0.03602389021796916,0.03166142154628997,20.0
gina702.csv,0.010517392528142986,0.050971508033391816,0.011003477816700413,0.01349887491037443,0.0213410245079145,0.04749469987433705,0.08321242563916802,0.015321798263843122,0.04543799667631749,0.02577723897997772,801.0
Sheilabjeletich.csv,0.025814330669520196,0.05124206020571738,0.029424868393657932,0.022539840755540698,0.03152794497432456,0.04087160143459633,0.07685878933050784,0.032911754372406773,0.04666918316473049,0.06328996109155714,2769.0
haabanews.csv,0.034965315534036055,0.026510535278307854,0.012904718591922371,0.0317826956847495,0.016770408516064112,0.0376234437845814,0.07336152087336921,0.04898456087239671,0.050530062062447624,0.07133899392983134,1899.0
bhogleharsha.csv,0.009871051850627493,0.029221569577656877,0.005929043067988764,0.011916172919446027,0.018834552540071353,0.03347983411458735,0.06049640577407822,0.012173068948348307,0.038075284909087806,0.022760491177155787,40986.0
carioke.csv,0.021866826173858326,0.03213930990906951,0.021208849252392113,0.01984943943198693,0.020384638615235897,0.023205619505605297,0.07499027041263652,0.022476967603852257,0.040126819141147935,0.04503931283825027,474.0
williamready.csv,0.008648043979225764,0.032158674636792936,0.0032671474925733295,0.005358956810588358,0.013729800020834161,0.0470676282694289,0.07288176366995108,0.009207845408057018,0.04581464093525456,0.017417911951522574,937.0
TahoeRCD.csv,0.004486098380449651,0.027582287933118305,0.0033286316020931586,0.009260105640081078,0.00807377787668384,0.033898873242806334,0.0771739120708445,0.012299765045256272,0.03741510956956735,0.015046653439367714,822.0
CArecycler.csv,0.002697548966405103,0.006083846413130298,0.0014342888823498242,0.0022203458576230462,0.0023816196728096042,0.005254564030492279,0.01571389360534209,0.002340437754030732,0.011239805953488802,0.008735824545544713,456.0
AleBritoFlores.csv,0.01233106516125384,0.04420312998267318,0.003606787122179376,0.010896134362305944,0.02053482763512555,0.050632938438732664,0.07065989261663023,0.02851198674436013,0.04374866966767143,0.029268747074541294,53.0
hergus_.csv,0.018492317542864574,0.025836492127696665,0.015296635005629068,0.015613941447733481,0.016277965985005555,0.03980566680816572,0.06638865414383513,0.02160005876508396,0.03808609064153579,0.03550342731261619,1468.0
mizzslim5.csv,0.04198721913007627,0.05739260739260738,0.014401154401154402,0.0313969363969364,0.015295815295815297,0.03457514707514708,0.12167832167832167,0.019592867450010307,0.10144022644022643,0.060552265195122336,35.0
UdiSch.csv,0.007142857142857143,0.06456349206349206,0.019642857142857142,0.019642857142857142,0.06178571428571428,0.06456349206349206,0.08208800186741362,0.013392857142857142,0.05831349206349205,0.022584033613445378,20.0
renegoscinny.csv,0.004997453526865292,0.045952557630758326,0.012350394703335882,0.00919135330900037,0.029143079143079148,0.04039364774658893,0.08168728298486083,0.011455592337945278,0.04063197951606256,0.017143423025775966,102.0
Christa_Belle.csv,0.0029411764705882353,0.03004958092719004,0.0014705882352941176,0.006512605042016806,0.00546444384205295,0.03472129809890721,0.07475421506452716,0.008496732026143792,0.0474965157128345,0.022782446311858072,20.0
Gimmie18USC2381.csv,0.02503605765226366,0.034459646729621526,0.021407400306389403,0.023349776678928274,0.01692789371846776,0.03699048761901572,0.057052967100551424,0.022384671580726875,0.03611390279713969,0.05035546346320821,3180.0
JuanPierreBowly.csv,0.022747743090735396,0.028917012906854573,0.021432969750533316,0.020873454127880674,0.013499632800342441,0.020226374748846653,0.04504255924562237,0.019590302198661327,0.0226425495767514,0.04322763404813706,445.0
lilgde90_.csv,0.02587082265889831,0.031025153134272412,0.022470843416321322,0.016209633725854333,0.012543305181355515,0.027308930647627662,0.053587220934826166,0.018161855491987344,0.03422605399318611,0.040503837854041734,3547.0
SpilledInkRepU.csv,0.022596153846153846,0.07585914085914085,0.027141608391608396,0.016346153846153847,0.03446303696303697,0.13436313686313686,0.10690621878121878,0.016346153846153847,0.06693056943056942,0.03785589410589411,20.0
sundarpichai.csv,0.008354887787456352,0.0399576880602451,0.0038268644715829057,0.007602943850848612,0.018289240213637932,0.043348455546144006,0.07667855356957286,0.00987309495323959,0.04349390972378458,0.01517857500326869,802.0
mongabay.csv,0.02013722828522084,0.017253568356425525,0.012370073998656238,0.01717843723417802,0.012151463317420863,0.027112316465398228,0.06030564129462096,0.03109156107801782,0.0370860904766127,0.044161868475954956,8740.0
AmandaK0812.csv,0.008524200379717774,0.04432724962983028,0.00831853960102841,0.014911047791232644,0.018219071855924716,0.044529911986807044,0.06927389909484911,0.01682578266262561,0.03502865459045931,0.02684033466635467,240.0
rajeshsawhney.csv,0.010000455269094075,0.03861304148500183,0.005912740099282149,0.010337614018866004,0.017054932582410056,0.03792575956934091,0.07665395229196528,0.01282132110051651,0.04496252525247,0.02167533561448557,12538.0
jpaul237_.csv,0.01504332517083698,0.008787803127368857,0.009983189788858152,0.011670610291553928,0.00490276786246906,0.013192842436408713,0.024311173995627797,0.015126150416172658,0.018309197262733078,0.027706463752916678,3173.0
OCSportsXchange.csv,0.007567130936696155,0.027077574861015686,0.0007215007215007215,0.0,0.007055811015141158,0.031066293687195812,0.048702600963351224,0.006845630215195432,0.020929115168245603,0.004455813546722637,66.0
BPositive104.csv,0.011005149534561299,0.031071428571428576,0.004545454545454545,0.01087743561374393,0.01380952380952381,0.026216931216931215,0.05861948746869901,0.006269592476489028,0.04068297953219107,0.01990326816898825,20.0
dwalden0726.csv,0.030112069847974845,0.020157488806619092,0.029704924798135992,0.026029129430886137,0.0217029747880705,0.02227057379843565,0.05284993840939217,0.025392199962583007,0.034261829546508256,0.06727854222193809,1080.0
DohertyShannen.csv,0.013472942420021528,0.05580917090496764,0.00996280492197876,0.011439945149458003,0.019301996814824467,0.04094679441904655,0.08314830238713017,0.01576625416422355,0.04710842677491828,0.02516139171186867,8334.0
urbanchillage_.csv,0.027345640118364344,0.027670649211303213,0.020724647625459044,0.019685085974199434,0.015864205223825943,0.030059701545313247,0.057738545315085495,0.023989462991663914,0.03364442031897608,0.04396705674704388,2198.0
mayank7jan.csv,0.014843425165937082,0.037540631932665804,0.0027312778857567204,0.012694809347700838,0.01681735012395125,0.03423760471036196,0.07306317286587562,0.01616458471502122,0.04407028718969425,0.02791412015020891,107.0
Candi_CA.csv,0.013881993396619361,0.03887179822355878,0.013277157731858084,0.016678491700948036,0.023305465810758805,0.04135418076067889,0.06606599036584233,0.01462434095900778,0.04005700100678679,0.03508005577667726,5518.0
zack_kreish_.csv,0.002430395913154534,0.0569643124872389,0.0031836228287841196,0.006819986465147756,0.013816510099751886,0.040378265597380746,0.09304381060350173,0.005392118401192811,0.049264476019328415,0.014006619689378315,50.0
adamgeraldlight_.csv,0.011451455324535117,0.04189185720569046,0.014046648879618569,0.007192492308535629,0.021674932631796155,0.029799948409913544,0.09167694929538321,0.010033960736746098,0.05421692668574828,0.02126645499087404,238.0
kierstenmh.csv,0.012433098086791411,0.03790276945334486,0.008738300732079747,0.01859181470075321,0.01651483900134455,0.03545999590118565,0.0635721767677177,0.016085621726666395,0.0426180583456357,0.03090167027246875,5465.0
tk63.csv,0.017316319177978195,0.03318071944332238,0.019526602153957504,0.019786089363217164,0.012487424631513819,0.029491925924305686,0.06109056503340174,0.021803865965885648,0.033355329134944815,0.04606752299825326,1655.0
RyanSeacrest.csv,0.008459350921843238,0.04111779032054718,0.0059095161627455125,0.010181028094669831,0.016388477469193703,0.047609119635792806,0.06800521610958452,0.010662436252743396,0.045234577902828366,0.018865091863854218,3779.0
williger.csv,0.008573813669108503,0.026217992537792844,0.006284110504879943,0.007966005949221956,0.022515132806873124,0.046512248781938534,0.04570598991251037,0.020230073392237907,0.02737525362048163,0.017505688185380574,12140.0
mzshorter.csv,0.010939583795131243,0.022546925903021434,0.006757889887529046,0.00872918015390567,0.012176198021741247,0.025941021830219402,0.05031036270290521,0.012545598668604862,0.02835450943820299,0.021897276234240676,4144.0
CatGray.csv,0.02830527441552468,0.030383413902302266,0.017717908102980903,0.02302898076564164,0.01641265117297515,0.028838527818198924,0.06401028455289996,0.03249792934371883,0.036577412356445696,0.044932528795749556,1832.0
AlexRamel.csv,0.01190099470016917,0.021473184500134454,0.00598696147379388,0.011063164709672385,0.012855021728351743,0.027880146665491337,0.06545111633329206,0.01671073845230244,0.05063291281323508,0.029734866762048184,240.0
GetFreeBooks.csv,0.0005720823798627002,0.021621956028619816,0.0,0.0005720823798627002,0.018503221692780215,0.024398642061884794,0.06636835347695964,0.0019426964149504193,0.062352754782568395,0.0005720823798627002,76.0
maracelyyy.csv,0.02135503467313154,0.022355257451886833,0.014861900563530036,0.02307427390548951,0.01132574662323565,0.025499013508398734,0.05280970557528577,0.024109364257592365,0.025338239187598866,0.041601223298066994,160.0
IG_bybrookelle.csv,0.013003250547786928,0.042617630753707086,0.013390509225013609,0.01677367250798882,0.017977292606452668,0.030946108485985738,0.06736896132168246,0.014810857052293123,0.033578685344460374,0.03115615983387941,994.0
egstorey_.csv,0.010287917019211786,0.030954900337955105,0.005518407377530891,0.010510970222185985,0.01662561146766692,0.03487838388144253,0.0848794387003713,0.01789832792874419,0.04512812678049495,0.020321173368605953,357.0
michaelwhere.csv,0.023809523809523808,0.0,0.0,0.023809523809523808,0.0,0.010497835497835497,0.015606962481962482,0.047619047619047616,0.011696428571428571,0.0,20.0
mps3mom.csv,0.033503057222214305,0.05497602097488404,0.014775338236202527,0.03630585227198808,0.03480941934314119,0.056901376699179586,0.07609334085158229,0.021960661216244477,0.054211786957034144,0.04607773542082221,910.0
DebbyBRealtor.csv,0.0028539382945045625,0.034237174976702804,0.0014873974234481922,0.00330889530011341,0.0082938950158546,0.021317885769599892,0.07465012477330746,0.0026509296035778828,0.0355537062813526,0.008930128404871044,241.0
rmscrypto.csv,0.002840909090909091,0.10135281385281386,0.0,0.010227272727272727,0.03465909090909091,0.05990259740259741,0.10914502164502166,0.005113636363636364,0.040746753246753246,0.04016135379771743,44.0
7GeorgeCostanza.csv,0.021083039561300428,0.08051032728791137,0.009133862122992557,0.019676389944932142,0.05396306632719676,0.09184185420598463,0.09411950147440303,0.019588066327196764,0.049688182397762334,0.04574098627807068,20.0
dchiger22.csv,0.011668800296727195,0.036718407095631886,0.013151348302690392,0.013184345320267651,0.015195060774654389,0.041278026427182785,0.07235455488685745,0.013436520329724212,0.0347040049950417,0.03163423938837989,103.0
ChuyBerumen1_.csv,0.017003682144627195,0.034547974554345995,0.014971589344449686,0.02010688695448588,0.016430965315072123,0.03407798298650565,0.05906179041945642,0.021771959868133687,0.04194090310777494,0.03934762539578585,1437.0
ycatsnonnac.csv,0.015588738712382425,0.029102317344818107,0.013530158156390311,0.013918359034576161,0.011573880626452619,0.03147738067545432,0.062426872358811385,0.014396723839540613,0.03701707814824225,0.034781152469710155,915.0
WTW_WestCoast.csv,0.010135075334410885,0.023218039045183846,0.008102316657133934,0.004985333972044935,0.013062380587297532,0.042563116752094635,0.05345279549737337,0.020340857652759146,0.043392736317507175,0.013468148684095528,301.0
K80LP_.csv,0.012607185187994354,0.03125566387204482,0.009468181392115926,0.011641127767103715,0.015701972357845012,0.03313450532855247,0.06391064082594647,0.012694040108959168,0.04124566563559288,0.027179440788331375,1409.0
Oakpnyc.csv,0.009237540764106229,0.014652749211572742,0.007422459893048128,0.008835067947022405,0.007130124777183599,0.008382069763143932,0.03018544097415477,0.013034414352251163,0.020024613168825693,0.012617217696914094,85.0
paulwhitworth.csv,0.011950997491041237,0.027776278545013158,0.008971311061216776,0.014351614814076478,0.018029985757709435,0.03471277259347121,0.05310932565857376,0.015070425977292096,0.03459248296603868,0.025205076739575102,2963.0
CaliforniaCal.csv,0.008388888888888888,0.012873977873977874,0.02281481481481482,0.019,0.013850168350168349,0.011442760942760944,0.04919408369408371,0.031776094276094284,0.04743482443482444,0.06636868686868688,150.0
WeThePawns.csv,0.027312155608609133,0.04755503949456149,0.027355767111906282,0.026387357768972778,0.022982722176775564,0.029266879798469075,0.0877105018420508,0.03333431580886604,0.06472311530931034,0.06111040940190574,359.0
IslamPaggio_.csv,0.0,0.029711029711029697,0.0,0.0,0.0,0.029711029711029697,0.07423687423687425,0.0,0.025396825396825393,0.0,63.0
Swamy39.csv,0.01929597823100667,0.017518210893310963,0.014395765166395083,0.018712276026445793,0.011802094110425087,0.027176060436270816,0.0516549834196962,0.025440706888125105,0.03944026422821295,0.051961471505857955,38800.0
Starviewfarmvt.csv,0.010110581368066397,0.024936233094915734,0.006881691163128288,0.01359272796398545,0.008890768247055671,0.02278386949045632,0.04618430471723884,0.019375750663175813,0.028121097133073175,0.0237051039446249,167.0
ethan_marketing.csv,0.005683398211396596,0.030393080554573414,0.0016856060606060604,0.004078767279269433,0.0157178781363564,0.03707105340922718,0.07658313380795613,0.0054629928814324425,0.042059147431975925,0.01828909172765324,200.0
JerryTheTidd_.csv,0.021845450527179747,0.021332267164193036,0.010942894512339006,0.019237806966773095,0.021596587035149117,0.02635731869453058,0.05875057865490372,0.029026054753733065,0.04163476044312815,0.04352782696147471,9766.0
fourbags57.csv,0.019343475454586572,0.02399957130805084,0.013675752231307785,0.022726327170771613,0.024335973747996457,0.0259678618913225,0.06334714325879331,0.04606106606321604,0.039719294415573494,0.04047931464374532,270.0
Chrisypoooh.csv,0.008234863717949509,0.02951775547019962,0.008114330637915543,0.008537706663290099,0.009382772548699295,0.03301643157665388,0.05042181140236441,0.013264740785374088,0.032604780728718794,0.026698567649374522,106.0
