,count,tweet cleaned length mean,tweet cleaned length std,positive mean,positive std,negative mean,negative std,objective mean,objective std
fcharles81.csv,2483,5.596053161498188,4.40233166540416,0.051373189613490695,0.07769411273468534,0.034686168598558914,0.055133425743599106,0.5049516242442927,0.2855088751543331
GeoffMillard.csv,10766,8.590284228125581,5.928264459297859,0.05267640003227673,0.057892454032504675,0.038604878086912445,0.04375903479787348,0.5905271985280819,0.23708012094020903
cNikonphoto.csv,6981,4.385618106288497,4.1662540874296665,0.021630320583330278,0.04314238271756863,0.012973242928268446,0.02868929975652456,0.4156011247652682,0.3385281433987075
veteranhank.csv,4980,10.203815261044177,6.983689079177748,0.04849618294425377,0.054605347395659386,0.04109632788334959,0.04917785372981557,0.561806317847679,0.21421653954656295
RalasGang.csv,1209,12.553349875930522,8.49632864482432,0.046065532969832124,0.04881503340368244,0.03114312716291466,0.03336342693545928,0.4361989008366023,0.20187514950844573
jamesmartin0848.csv,1021,5.5798237022526935,5.082352595237538,0.057536957676656376,0.07500551214117016,0.03121246594963471,0.04530940236737685,0.5815984046696017,0.28679324568899384
UndrshfGElliott.csv,465,5.354838709677419,4.007640984957113,0.053390384247359,0.05755484865473657,0.03134646680803617,0.061346541124381725,0.6640670800173668,0.26206181722516897
JeffLaughlin2.csv,442,4.029411764705882,4.327805931285057,0.0406403190897958,0.07334879512167458,0.03405694314455466,0.06331334778708561,0.37356471832759547,0.3230874835865144
jerryesummers.csv,291,4.429553264604811,4.82380474732239,0.08377124093782468,0.12699449840344504,0.022638273452796745,0.04392667219957311,0.4347296961323464,0.3274832939896469
tulsatilly.csv,572,10.522727272727273,8.813402118231519,0.05539865744719461,0.06557080727834753,0.02944613705456061,0.03722209737660169,0.5591964569020395,0.2671513885554987
MelanieSmith82.csv,212,5.09433962264151,4.388080557487076,0.04488374265083252,0.08255074764184138,0.027001157323051975,0.04592651799540067,0.34986185432003963,0.3115837519184627
anthonysbbqrubs.csv,533,4.797373358348968,3.1498284067446636,0.0671338064391972,0.08480944166048988,0.03088708858696956,0.04261282345757588,0.568675931813101,0.26025280942983314
lavekyl.csv,2148,8.556797020484172,5.5571380592397635,0.05009601036646633,0.05494762984205799,0.03575586985702764,0.03991290487789924,0.5456482861097636,0.22209374046726277
AnitaResists.csv,5515,6.685947416137806,5.307687182949753,0.0545464347618666,0.07198467065241869,0.04670687037278894,0.06519838032049102,0.5665299611673387,0.26064822563227585
BurntShine.csv,2191,5.319945230488361,3.5411590720341004,0.055267856992515074,0.06933259685693424,0.04151696952807817,0.059326752620657563,0.5530335299420683,0.2612523573999135
Persch83.csv,1437,8.794015309672929,7.719194439298264,0.037632464807443845,0.04431848690908303,0.032764071771182214,0.04849297527996271,0.5130581119518617,0.2791281469109015
ricinMD.csv,1608,4.043532338308458,3.051481242174412,0.04469799995880646,0.06489406316849586,0.04222074818341102,0.0631193966211506,0.5322167775108848,0.29200836061535407
lesletx.csv,1767,9.595359366157329,8.628589964124403,0.05349935443426104,0.06783089738900103,0.030717658462318546,0.04459618273795939,0.4682314885956402,0.2863932590764411
Stuckertmellisa.csv,2280,8.62938596491228,4.886152611437669,0.03771542477513704,0.04095350301205465,0.027610429388879112,0.03170595727202915,0.5849166043816522,0.2353135341173707
Ironman_Tri2001.csv,664,7.450301204819277,5.575111423026017,0.06837995422810868,0.08932808972960235,0.029685230703320027,0.039002803945825455,0.5968818240051482,0.24680171968956333
mcbain120041.csv,66,5.121212121212121,5.4481443922349335,0.02912234366128096,0.04595237943232954,0.009888424401187803,0.02072932970496432,0.3305116621217261,0.26400524515203305
mungerRoyan.csv,721,9.941747572815533,7.626833550771677,0.03950550079885186,0.050971680263951824,0.022615291805183572,0.030584604644746737,0.5394547713068504,0.2719513740103429
kiwiibones.csv,244,4.897540983606557,5.3693264088138575,0.04303141558192483,0.07242308200861164,0.02745048678070506,0.045928304922855205,0.32960607691871463,0.29549667980118216
RichardDunlop.csv,14073,7.518013216798124,7.72302489941125,0.04190626419704159,0.06276008571070432,0.025773799978459976,0.04388684744170869,0.4809954352505451,0.29997235473589035
StuartMcCarthy_.csv,10016,11.729932108626198,7.924176834837027,0.04369485228728348,0.04339353934661934,0.041980354305162115,0.0426237426877538,0.5578816282002864,0.22555150102229352
mikesimonsays.csv,1837,8.048448557430593,6.147465989645042,0.06269397835269042,0.0791885844352125,0.048300898129860555,0.06769529650741352,0.6110077637922113,0.1952994212025631
QueenBlaqu.csv,7526,5.727212330587298,5.1827224634578775,0.04999516210780895,0.0718369693796287,0.03898160011272441,0.06053701095326147,0.442682843608607,0.28950738332245385
zat954.csv,297,15.653198653198654,10.919552700672273,0.04577440534250886,0.037426898320054504,0.03512040385834366,0.03292751390114994,0.4984054326670898,0.25536976650570115
HuffmanForNC.csv,5480,12.625182481751825,8.722256588933666,0.043764076030935795,0.053391364279882426,0.03246218722372019,0.038942356088199154,0.5956742110561687,0.21937815479541636
Matkaufman1220.csv,5760,6.761111111111111,5.442491146207149,0.04959998776701322,0.06238487088272541,0.03211591141461671,0.0496465244876055,0.5505205766982064,0.2642411195137586
MikeCopeland395.csv,7182,4.47827903091061,3.303207885501632,0.055371433190879366,0.08103688548872164,0.0431310609825571,0.06116603543939916,0.5867959652028,0.2732130407758516
pryteighpaper.csv,118,8.05084745762712,3.612237809679752,0.07611795264068062,0.06396777698962568,0.03657987608940398,0.05212299304774086,0.5491966797745933,0.18983279269017467
mdmellott.csv,345,13.008695652173913,6.517529075899738,0.07434259197696104,0.05679177442277787,0.0239439032131356,0.0181817508078159,0.6565239881905611,0.1151866772323653
EsqRaza.csv,322,6.25776397515528,4.807992049367048,0.07716861924300332,0.08061605698276522,0.035075632487330734,0.05318071305021994,0.5829714122536973,0.24749099715276673
xanderinvictus.csv,4620,8.681168831168831,6.235587046941201,0.0514152843316161,0.05495660285597899,0.03361465662247378,0.03958802063134641,0.5807628681281913,0.2290729208892823
jackvelbar.csv,7178,7.44246308163834,6.46665296891122,0.03963466515109842,0.048877973866811565,0.025670245693017683,0.03629641397337483,0.4885432958669226,0.29244184675076923
AmerHeroesRadio.csv,1800,7.8838888888888885,3.0168722561415393,0.03197526226305919,0.03167285295027008,0.02101394889793415,0.026425114564405727,0.680426504608105,0.16344187280835737
Timothy_M_Jones.csv,3309,7.032638259292837,3.6118101110147696,0.07167725774591498,0.0659958727708425,0.026324319048131907,0.03186958704090152,0.6024065772717787,0.1944336357550023
Jen_Everitt.csv,863,8.070683661645424,6.9588001503568675,0.04765924324841101,0.06027763554506037,0.030633936776911397,0.04226364155148967,0.449578333210138,0.26943448895157046
MalanaShea.csv,1924,6.4376299376299375,6.299668159119883,0.050458276732401997,0.07566062731405038,0.02865568300801613,0.04454712132152399,0.47685249053193024,0.2981031995963858
robveteran2232.csv,153,2.0980392156862746,3.2049078089426546,0.009743823434452148,0.03188835510046943,0.007861564436621069,0.024197289154196257,0.1760483440179528,0.3216508725987339
ILIntelCorp.csv,4552,11.801186291739894,8.296237972587852,0.04534717482977253,0.04572117454547271,0.04196901035683358,0.04169597902148221,0.5710909821826128,0.21910877947400312
dvc9999.csv,328,4.682926829268292,3.2847691710135685,0.053818963111993086,0.06578139949566315,0.03513837159874878,0.05177338629600059,0.5477785073604661,0.29151255696995815
dcbrant.csv,663,6.900452488687783,5.297403938065965,0.06862527998784221,0.08246399213944476,0.05164781132439023,0.07084096245347841,0.5731954255810845,0.25740573008254924
jtkstc.csv,2139,10.506778868630201,5.887548834556845,0.04086405973973183,0.035761800661289686,0.038593081972393625,0.04020667543476705,0.595429330786141,0.18043710886160988
CullenYossarian.csv,5560,5.669064748201439,6.445971905117417,0.05890605082641987,0.08488756137468707,0.03239073309488789,0.057159703530618874,0.5047599840331034,0.3205015813480504
JustCallMeRage.csv,16417,4.9041846866053485,3.359808911716875,0.04508536400734143,0.06532070980101293,0.03311801801111951,0.05023044659022235,0.4512157830645029,0.2778777754551794
StMarthasTable.csv,1280,6.72265625,3.7523474911494987,0.04312571262945636,0.04999455839885628,0.029115581166345827,0.03996408411673723,0.613158353337424,0.21301660972635977
amwyatt.csv,201,11.751243781094526,8.119616376085736,0.04696840206387911,0.050606047681465836,0.030273899662674908,0.040017657604531603,0.5795014496567302,0.23808214574095754
idfsniper.csv,591,30.63113367174281,12.059889128327276,0.03536292657658846,0.02038283841724714,0.03298612447588923,0.02404147225506557,0.5169239667885136,0.1182228365676065
Pharoe73.csv,59,4.966101694915254,3.7954750118963148,0.03959038104708757,0.05449136191451822,0.031840896830424494,0.06285983775790085,0.5819273691252028,0.2920923917450269
en4cer18.csv,170,8.494117647058824,6.780809476945194,0.04306355771657921,0.04916127463857199,0.026436384462236347,0.03675454938711219,0.5377519458907669,0.24867789662578604
JeremyPing1.csv,280,10.57857142857143,8.343575678451105,0.052403786509966084,0.050729304205447336,0.037226087247965105,0.049562825465524214,0.5577047523484522,0.2476243031806045
jscherer100.csv,2225,3.892134831460674,2.543828165310988,0.05108251025499743,0.06899577228693252,0.04511957522379767,0.0877633686154954,0.5739239420517268,0.2727721005592304
WarHunden.csv,2386,4.896060352053646,5.385095656085647,0.04297035328012015,0.07173413171536143,0.02944469370055502,0.050045836592643965,0.47839371619699134,0.3384790115123153
McGuireArmyNavy.csv,555,7.940540540540541,5.789558454252217,0.05188602217835848,0.07799411287851545,0.033563397009624914,0.052268177453227635,0.5591421784494481,0.2430563928033574
TeeliaLowery.csv,1194,7.041876046901173,6.423751089121324,0.032831817982625945,0.048396672434528984,0.02089965923501616,0.03277494985381077,0.4796294794343501,0.3252820887519605
Christi78790.csv,347,8.772334293948127,8.323262496500629,0.07078287544945874,0.08299869334035692,0.03537707517902812,0.04789719318952274,0.4954946351340771,0.27097006693025694
normanllamas.csv,269,12.49814126394052,8.812218846923107,0.06521312320585697,0.08339953219322097,0.03860695815823537,0.037760455699986484,0.5534950782222036,0.20073850593027098
WVPapiX3.csv,2759,8.649873142442914,7.542360196783297,0.05548072197710637,0.069566483226321,0.038296048796487625,0.047623983384470894,0.5552796436214968,0.27056205152591034
SNAFU_Sara.csv,19920,8.644327309236948,6.992986514420046,0.04893332015208653,0.05299065026106547,0.039310044229592826,0.04876595652576668,0.5562889512513529,0.2534487371433694
Meastt23.csv,1645,6.165349544072948,5.549173652111095,0.05311647879412452,0.0721880168277089,0.039847302477410765,0.05771368611851656,0.5454478892687754,0.27771924839224776
VyceVictus.csv,400,12.8925,9.320726567709194,0.050295370805713294,0.048666362552179654,0.03751713958421195,0.036055791490325104,0.5458716341356059,0.23554521486764077
dsdelamater.csv,167,9.467065868263473,7.918586058339333,0.05433102770171727,0.06396979780145585,0.03094233134728352,0.039693468119931984,0.5048821109716702,0.2819794888681446
HouseDivaJill.csv,2093,5.394648829431438,4.3970421836808775,0.04884213692491223,0.0663748635587626,0.03728012433507197,0.06518178877310711,0.49559627703081466,0.29612477863322456
zack_kreish.csv,150,9.92,5.908773138308832,0.07015248181483429,0.06579098839292799,0.025465751700833435,0.02776490473835446,0.5729131487139243,0.2085505277277643
missleatha3.csv,3880,10.029639175257731,6.4612164021628855,0.045032930125769435,0.05028969632387446,0.039904360588783286,0.04604704249118924,0.5358475796131363,0.2351026962734103
OldParaTRP.csv,5393,11.121268310773225,6.560883054130919,0.04590665810947196,0.043407615461226304,0.04153944628217288,0.042416396899072825,0.6365869030735439,0.19055426929345146
PatrioticCPT.csv,621,12.217391304347826,7.7704229035297,0.05200589008945442,0.04826234634867276,0.04331327604438345,0.04285672911799321,0.6108145512069655,0.1964065035872644
E_Young_56.csv,1320,6.220454545454546,4.510496825358626,0.07078121687520413,0.08060425736539763,0.040613084443777515,0.06524312973507501,0.5644784312359254,0.2538209607661813
ToddTannerWV.csv,1298,8.173343605546995,4.209827603418251,0.06832776496209468,0.059632060630491424,0.05225216383113538,0.049157320742165875,0.5668157305816133,0.2108977828581454
thejamiekaiser.csv,9683,7.08230920169369,4.255951838600728,0.04093916174075851,0.05125603418334835,0.028818680153353936,0.03868548571109297,0.640280169173038,0.21647009768089556
OSUfan_2.csv,330,6.990909090909091,4.840790295881988,0.06937700890350744,0.06983619064562319,0.033640278479962135,0.04306949552187747,0.5327215381653756,0.24382884554269615
3sixtyTax.csv,1419,11.195207892882312,7.130858182362329,0.048420972268979325,0.05010732635024933,0.044207016879687165,0.050871115902130296,0.5772746584239655,0.2071094830860171
EthanMilich.csv,879,3.3310580204778155,6.587354911354534,0.017706270846739453,0.040622900524841264,0.011868243463824191,0.03358532102715038,0.19256975333602552,0.3104938450865635
C38557143.csv,812,7.211822660098522,6.733634283806772,0.06045259617262409,0.07831012285568688,0.0325641724282275,0.04702551306518696,0.49689108950010347,0.2858447380711059
BobVitale.csv,7011,6.689630580516331,5.0104246787946725,0.04875774173050688,0.060430719007708904,0.04732352540559369,0.07005426261111673,0.5859764826241034,0.24967617719389604
TheDarkRabbit.csv,17700,8.332824858757062,7.164784914261602,0.05436009187442464,0.06732843994715096,0.03400878313406167,0.04671359055393148,0.5293585021159755,0.26246459191229965
ryanenser.csv,3297,6.5774946921443735,3.160572337825185,0.05195501534130434,0.055592476956022964,0.0207404393682143,0.028320484982059815,0.6272036682038419,0.24758781772837316
Legewnis.csv,1550,6.870322580645161,5.131869736530334,0.009125833925785214,0.0424955175372041,0.006151572316310754,0.02803715789252647,0.12933740179630884,0.27665629528461
lilgde90.csv,9821,4.922512982384686,5.107619249681242,0.04497255635763043,0.07520417618023635,0.02833553391370327,0.051314544618564814,0.37444940787422965,0.29122062975969626
BigFox57.csv,953,3.888772298006296,5.2974691400922245,0.013429046971024913,0.03302625480081785,0.011175034435031098,0.028058887128267457,0.1565917960777406,0.2811052218323576
gemluvr257.csv,18545,6.829711512537072,6.49765176886139,0.049221995538077004,0.06784926671673194,0.04348280386484435,0.06526402543830075,0.5445768578160199,0.2784598836706933
RobertLarkin3.csv,408,7.262254901960785,5.472959089005412,0.05144284947450774,0.05274668220216659,0.02915095093822259,0.03493619389353001,0.5819354573131031,0.2535919958121222
cheyyenne.csv,4025,8.631055900621117,6.664248137104438,0.04083961315329795,0.0492774276933845,0.02874592427542722,0.03788626099181113,0.4503383713585658,0.24879721239110614
ill.csv,368,2.5380434782608696,2.041330682332331,0.0053900672298684334,0.017751514636656616,0.004656828914453062,0.017589077368104625,0.1825992032273214,0.27147558698834645
NjVeterans.csv,244,6.364754098360656,6.900503927085986,0.03498545424785438,0.052142676050397456,0.014938289778113378,0.02424979730955366,0.3670636606838259,0.29839052913521824
FadedCanaDave.csv,7696,5.7441528066528065,3.662674092353244,0.05451709269805887,0.06678236692145158,0.039743231292461705,0.05665520635459986,0.5888458152584504,0.2567015013830996
CommonSense316.csv,2227,10.11001347103727,7.2745889080201405,0.04910072876855534,0.05205526828719488,0.04165500148250052,0.046817350876822934,0.5475717665430321,0.23294381578912865
clsavage_7.csv,239,6.451882845188284,5.371237771655978,0.06391135562029335,0.08663300625394776,0.03771687072087003,0.06664588958719886,0.5126215106915833,0.2629960951550028
RaymondEMosher.csv,1500,16.075333333333333,8.842190050484602,0.04966322681355048,0.03837713596442241,0.0474142238373848,0.039871097476120304,0.6022278573034866,0.14636430891440225
Ginalolaknits.csv,7920,1.8280303030303031,3.1009483982773234,0.004929532614548754,0.01882495100016338,0.003144898780967454,0.014086667744293532,0.040723006694133174,0.12473844917162057
NormanZolkosMLO.csv,83,5.493975903614458,4.319676175881659,0.018654515940591018,0.049447510799162736,0.012429317240779718,0.04838967722955696,0.5716409341707849,0.2682499243969353
Jackmo23045.csv,297,3.9225589225589226,4.220049489560469,0.02500824851884189,0.04201525706595589,0.016319443014959297,0.02909805143180808,0.3394625685338199,0.3305191613955429
VETS1775.csv,240,7.808333333333334,7.243152896970275,0.03430058406947137,0.06716311596224105,0.024145155217341393,0.040033982431870056,0.4353337766558739,0.27700477776186067
mr_jferg.csv,1622,8.721331689272503,6.940740974825717,0.06069506991487001,0.07236958372647517,0.03874925884682768,0.05600136739951602,0.604056985796448,0.23950929150912534
Oleblloyd.csv,188,7.388297872340425,7.970241945965601,0.028805995361404744,0.03711128133968539,0.024634927985786516,0.03641827857575247,0.38840935185676656,0.3241556050687154
Anc5E08.csv,180,5.955555555555556,5.614289528834458,0.029411124001342666,0.04417842898455424,0.039493862740955926,0.06596694191923258,0.3430807437614581,0.30890672299350996
Team_Harbaugh.csv,1040,12.794230769230769,7.151786045391267,0.05215015805729859,0.04554106281065006,0.030407732465469545,0.030581953573667872,0.6156531300653084,0.17337772471260132
mpdubois.csv,147,5.448979591836735,6.85137026214255,0.041555231389971685,0.07890279337700443,0.02266530671079847,0.059808526762617165,0.36793497998434543,0.3330196243057282
OriginalSeanD.csv,1604,6.184538653366584,4.064426336583479,0.038098834072917455,0.048861700487567966,0.025145508596133424,0.03770016965593869,0.5735924306942929,0.2562051786570983
ambjg.csv,2541,12.108225108225108,6.802875693975977,0.045887209894257985,0.037677492092104,0.036522787308328086,0.03458006161542884,0.60134272257459,0.1795901949209316
ShabbyDogQ.csv,3176,9.095088161209068,6.69578430888565,0.0453833509390302,0.04989389862072078,0.03869641238992865,0.04511137066450049,0.5327690688909433,0.2506288782443675
madame_briar.csv,1965,7.518575063613231,6.541104015031378,0.06419499803342706,0.0787584183844564,0.04105815532986146,0.0537026973428373,0.5289645381718084,0.2592725878464961
warrior_vet.csv,4426,3.7092182557614097,3.316310180948035,0.04729175925845025,0.07898310014768094,0.042707616553302415,0.07936163656349812,0.42318434712284786,0.3176423834244588
tweetsbyjulio.csv,25487,8.189979205084946,6.203928148744974,0.01677394513608318,0.048550620484894044,0.011491288852824307,0.03428287495773424,0.22611443345370497,0.24130750922953448
janus96159274.csv,81,10.839506172839506,6.027625272261158,0.04125739715846235,0.04080046950953691,0.04048564449930876,0.037872349442541614,0.5956354249338973,0.18492550648453254
dgartdeco.csv,1133,8.226831421006178,7.355114480722776,0.06429378167174786,0.0788552167098977,0.04359366373630927,0.0702425776053805,0.6173808800384928,0.24413956497409045
RaeRealtor.csv,568,6.116197183098592,4.2493435669349235,0.041005992867914766,0.06163662428268376,0.020707378109569827,0.03193344357953111,0.5355853735778062,0.27975823214168133
LsfarmLw.csv,4360,4.369724770642202,4.501783634022359,0.052905341800212044,0.08638221572116055,0.03949754317343343,0.07072249953847788,0.4936862101703876,0.31805731647498003
frantny.csv,186,5.451612903225806,4.988192788076289,0.07104863155267974,0.09722111332429627,0.038909597047411586,0.06562807089639125,0.4988602750184331,0.28746346186159194
aliens2018.csv,788,4.07994923857868,4.16078550733301,0.028552997268385436,0.053522830223872886,0.02494121040519665,0.05127993565463186,0.31523873147803644,0.2957906365882215
DameKathy.csv,1604,13.442643391521196,8.040333301301782,0.05294443922629742,0.05309300932588859,0.04587925910575584,0.043818202377576734,0.5908857135573982,0.1798954406986526
mmillerjunior.csv,753,7.616201859229748,4.799026342334334,0.05048688354858374,0.06129721840749745,0.03136818546393076,0.03926206412801852,0.5494610832100203,0.24533375791592527
CharlieLance.csv,1626,9.255227552275523,8.551093834126023,0.03885724961179317,0.05139858362205929,0.034850828300345284,0.05449602048466009,0.5127173787155548,0.2746402346651174
Lucky_Mango.csv,82,6.378048780487805,3.2408981136386124,0.06883138861242896,0.09335874538918844,0.0267949378333555,0.03128326502485482,0.5953522748986705,0.19777469304885054
ChargerSix.csv,245,8.155102040816326,6.911128595169925,0.043284938361391675,0.04571129632693636,0.03599832816313598,0.06154633237803483,0.5791882742111957,0.24590766410914983
JerryNoland007.csv,940,7.0882978723404255,5.806605856336947,0.04638081479910708,0.052995411313103744,0.040508639635335485,0.05424878224928257,0.6178470394677483,0.23130038462536498
CyberGopher.csv,3575,8.614265734265734,6.912906191559479,0.0378366761154341,0.06350389523013115,0.020957870648669236,0.034212700620649746,0.46270810993524863,0.25566945761404897
mb_hatch.csv,3960,12.273737373737374,8.692084938465115,0.042368231720824955,0.04463898254093059,0.04227727946487335,0.04920811476301742,0.5813130880905003,0.21794714532253281
NickBreinerCPP.csv,284,7.302816901408451,5.80673411472843,0.046155320467463436,0.053815783920719104,0.025325080967589907,0.03187308708000516,0.5831768100302267,0.2626273009076761
jackeva53658017.csv,62,8.838709677419354,6.7518063255434315,0.057420643365071036,0.06311369858308888,0.032534337507690296,0.03951197580458875,0.5290121103030032,0.24272340894710587
DavidMuirJr.csv,6672,10.155425659472423,5.242898354168937,0.05191034445320059,0.050512533968013,0.024988797681723258,0.026503661444076506,0.6307363671304742,0.1650425529310834
kody_kirk.csv,6736,7.8125,6.455587669496176,0.053297557853131984,0.06038357864245975,0.035792467183288136,0.048121970842406915,0.5686713230598289,0.25856148054283556
JustmeRobW.csv,19430,7.045599588265569,6.721645996169981,0.03938945121275814,0.05295862607011973,0.030635689589262192,0.045927170904512454,0.4173302465991563,0.29620895685492593
TrueBennett.csv,9861,12.262245208396715,7.842014689551756,0.04726940219203699,0.04572115596492312,0.04828106116668937,0.05212264586286152,0.5747010235324506,0.20344171891364546
WesleyTSmith3.csv,67,6.656716417910448,7.630559610169972,0.026802336760839013,0.040611565273402005,0.01921300339880318,0.029647099815817136,0.3085325098052403,0.3357373490449465
Zombie_Mel_.csv,4786,5.083786042624321,3.555876045341632,0.05910682320525835,0.0769361603227742,0.03556682158098121,0.05254526961180478,0.5356134469372344,0.27356045458751543
dorknrok22.csv,106,8.424528301886792,5.947804594510652,0.05610573642544953,0.057036828599839655,0.04076991535053446,0.04554842575461607,0.5998116719420734,0.23032609033421197
ericlarson171.csv,165,10.127272727272727,5.743152588334438,0.04706636685067603,0.040988142226846006,0.04388474674904443,0.04796940082351994,0.4898635872262384,0.2679068877293239
andrewrkirsch.csv,84,12.214285714285714,8.39936424545877,0.04914083769232914,0.06795255984305555,0.036078879573099985,0.033699092432660185,0.6092527395130004,0.23596225952846805
k_kamar.csv,130,7.6,5.543672762015061,0.05537994411409025,0.06211153989031212,0.03267031032121937,0.05462596644018254,0.5948004073793912,0.21596004842876654
hdwrench99.csv,161,8.900621118012422,6.1191126797014626,0.04652159084990979,0.04150981752318922,0.03743712009112628,0.03654715656639589,0.5678114705008074,0.2812761582922325
StevenBeynon.csv,40775,8.145505824647456,4.775668234526224,0.04491603733909854,0.046646848751716936,0.038332204941651384,0.04396269760462835,0.6171474845974169,0.1968623383697468
ChiefsDanny58.csv,2040,5.92843137254902,5.532858663510963,0.04213053807151082,0.056899675354931754,0.03578591103525575,0.054573783014825836,0.5074913283547368,0.28407950483802263
ServiceK9s4Vets.csv,482,19.775933609958507,7.801984111659028,0.033400971480640425,0.02432017640516566,0.03221320976580163,0.023584292694383325,0.6310659419054193,0.1656603954721769
MattDrikas.csv,360,10.936111111111112,7.225635411419915,0.0467621848795165,0.04737239291851395,0.03383670005341252,0.041838830356522624,0.6208449709386094,0.22380420550659422
CarolinePestel.csv,155,6.948387096774193,3.9575058101350735,0.05040585630862703,0.0767331782472193,0.0256676770395675,0.043682792163636824,0.5579682850484625,0.24150379080492793
marccgonzo.csv,2026,6.114017769002961,5.213916656219783,0.05333431293159962,0.07801956356420828,0.036763360548683094,0.055585434472470774,0.5212237665940683,0.2860647720307849
fobosays.csv,52,7.980769230769231,8.256676516649524,0.03554551746237521,0.06129195547516382,0.018854003180007947,0.02829294002901989,0.49812105585814337,0.30413014696278656
JMFGoose.csv,1518,8.832674571805006,4.793461410432546,0.061805021306390366,0.05951347237573629,0.039314254264144144,0.04081712782911987,0.5885209571304372,0.18338872963901753
macleod842.csv,1607,8.660236465463596,6.330086843500811,0.06702744362246199,0.07433736329126989,0.043451189344742805,0.05732945021121732,0.5938165250946132,0.22480250164001228
GeneEdwardsSCMO.csv,8095,6.837554045707226,4.03990874917747,0.05914399234143799,0.053570047050250674,0.020957690318579206,0.03070459014303553,0.5820738753903552,0.24068598028874444
realtoyaboyd.csv,1509,8.015904572564612,8.36991117327703,0.04967908859785767,0.06743807144675962,0.024725021054630033,0.03714593114250958,0.4392893505977926,0.3011041826672481
thedrillsgt.csv,810,6.407407407407407,3.7177511381717347,0.06923421974157798,0.08461923094368315,0.03314881376835595,0.04063081707455773,0.6071952416932697,0.22454444014126418
ChattJazz.csv,13583,13.136420525657071,7.820071378417177,0.05322938842775099,0.04872372427437656,0.04774772099496837,0.046124101605595484,0.5985075303869718,0.19780706494487088
TheSchlewis.csv,1463,11.18386876281613,8.003568039878811,0.04672212048130945,0.054183894710477944,0.027354190004948285,0.033117337555192784,0.5890191149333738,0.23519693307782616
AndreaBillingsl.csv,1899,7.247498683517641,5.922337274098484,0.0355659011117254,0.05360363335813001,0.029513250433495026,0.044765765371352725,0.5341360896336942,0.3134223290415942
jfrie1424.csv,1834,4.853871319520175,5.131575097816639,0.04806263147978782,0.07539289713469355,0.033358776716648185,0.05675686825201259,0.4435310813529081,0.3228144793785682
BDALE1.csv,703,6.918918918918919,4.554768401327056,0.055045372652957274,0.06077272164383841,0.03438664151971099,0.04331420364250743,0.5790431048666516,0.2555250409251979
RodReyesMota.csv,120,5.8,4.435838890972785,0.05304254312983271,0.06284367104110974,0.020332707470132366,0.03378801569487573,0.41170932062591054,0.30956306619637763
gachervenak.csv,4970,6.201810865191147,5.041449595561796,0.040221872101875555,0.0655134455667559,0.026529847107063673,0.04221577706913482,0.4047985952568019,0.2834295181223839
bolingerj2004.csv,2537,12.438707134410722,8.335134401702387,0.0523803961271538,0.05600625000928348,0.03520305983876041,0.03570432000547835,0.5885315482474872,0.21842448334032252
WarScar666.csv,1890,5.468783068783069,4.615058066042165,0.03466290330484373,0.056921399553961013,0.033718153180329766,0.05870369696361982,0.499739027425735,0.302651550511378
tifflovesoils.csv,21827,11.039309112567004,8.354841429073478,0.0530301239849929,0.057086121604192415,0.04495941304837749,0.051616226906316426,0.568390563652345,0.22546921715020182
jeffisbluenow.csv,1686,10.894424673784105,7.721701774028222,0.050394634341128355,0.059226507488376,0.044123527885930804,0.05579712418518446,0.5890416313042497,0.21053501193405505
junebug1387.csv,1503,5.967398536260812,6.868569515636832,0.04297531138605117,0.06996635609107105,0.02593250906908503,0.04788422967191525,0.36415813302130323,0.3136284368302638
DanielH_DC.csv,247,11.878542510121457,7.107718412656623,0.06196937258401167,0.05472392618745766,0.037111668801393924,0.03946796268852879,0.6281227829484827,0.18588127686379402
MsSaltyGiggles.csv,1633,9.387017758726271,8.262955081865478,0.04274377390905889,0.054039004209710265,0.0328065922342763,0.043169349649311024,0.4547051043563668,0.26826125861554434
brianknoch.csv,600,9.333333333333334,8.161835305588783,0.04337811901599801,0.057747111254445864,0.045493828764648477,0.06667031324020485,0.4820187771007213,0.25324542827237
jeff_schlapp.csv,1332,7.971471471471472,6.080226648162876,0.0694360936593873,0.07650238385182485,0.03977944582100789,0.05218912181740206,0.600881879869362,0.2351810944491443
Adrienne_Acts.csv,3362,5.661808447352766,3.903447895683115,0.05820225269903972,0.07185589514757837,0.0385453824485929,0.05656410223545954,0.5876946060813121,0.25146323593309317
TheRealFitzNYC.csv,389,9.87917737789203,7.048732558819403,0.05982741021468729,0.07057272229000694,0.045412148974728436,0.054580309809482676,0.6218160590210424,0.2162026677883625
leftwingcatmom.csv,6560,2.4428353658536586,3.4391168761078394,0.038211586532921435,0.08215765437465868,0.019059337598194566,0.051006096424847214,0.2538251203338928,0.3203162987247404
hparichart.csv,4232,0.9241493383742911,1.2599933178643803,0.0007720996054376594,0.007376522239424964,0.0007083321589172563,0.008095577484236855,0.012379605002264529,0.09241694790830203
LynnJauregui.csv,756,6.873015873015873,5.6096347488603095,0.04862075655677645,0.058075927377423876,0.03246192636644186,0.045662358248923895,0.48234350883041366,0.2912000294607216
StephanieTA_BAE.csv,765,9.486274509803922,5.157532201383187,0.06283429575930283,0.05829143673846476,0.029176619613064284,0.03024456586827069,0.655098901246777,0.17246122503770073
EcyorRoycex.csv,188,2.1382978723404253,2.607685302078517,0.07575099462579295,0.1604825841183344,0.04627429642684036,0.10513798059594526,0.25696752464231004,0.3085908972682374
iamdetashia.csv,1484,7.703504043126685,5.160597513604698,0.0687209432747947,0.07437796646294378,0.021312543352453486,0.026905557484617544,0.598739208448333,0.20862541645840765
1badmonkey.csv,192,7.447916666666667,7.067929021978235,0.07745497692676719,0.09749025950983947,0.05366074877564497,0.06478357977600113,0.5819984786160105,0.2412334575659982
WilliamNickerso.csv,2289,6.744429882044561,6.568105796435195,0.03596299704683106,0.04699680844318933,0.03028275042657317,0.04881504016287848,0.39753585984502465,0.296547470161863
MeVictorD.csv,11259,7.814193089972466,4.76105761283154,0.03644997278563487,0.03995286892978387,0.03189153078593742,0.03612495553712752,0.5840886360085868,0.24959534726219168
JayskerHater.csv,4867,9.898705568111772,6.548315192199896,0.0543610243683698,0.0522207904975136,0.0415049105223553,0.0477591319400888,0.5835995948307129,0.20336837692467005
OsbertUSMCVET.csv,1412,14.021954674220963,8.10738477956679,0.051766925960261466,0.05001919070490006,0.04329596145003377,0.04527159746516083,0.6095430268086195,0.21439105901719785
Sarango.csv,902,7.592017738359202,2.708666907638662,0.038737178800191,0.037638419449878606,0.016177980105442972,0.01676609624676207,0.7264053563307407,0.19196375797326673
thejoecardamone.csv,2282,7.925942156003505,6.796351686166104,0.060812061878611,0.07442935232870215,0.03144888574700694,0.039469011645280286,0.5313321276183987,0.2602880150289298
sordellini_ed.csv,677,3.056129985228951,3.201243079401193,0.07243100560752529,0.10793218221837952,0.029221430769320555,0.06612009837759958,0.3514276579285938,0.3200447018106601
InSpaceXItrust.csv,4210,7.736817102137767,5.9714362323282115,0.06258584749010329,0.07249813726473588,0.03401842111198966,0.04697935267250249,0.5977651287326828,0.25504820534298267
LHQ_HUNK.csv,331,1.918429003021148,2.642207709531342,0.006277624196792494,0.02778446376284441,0.004802381809528604,0.021042818932451034,0.08300473786168823,0.2124293567112606
twittylity.csv,161,16.22360248447205,8.169003037371825,0.05822812708965526,0.046922326945429596,0.04191923018761749,0.042557288793781886,0.6212802309892794,0.16637002149863275
geart66.csv,752,10.893617021276595,5.514426119533689,0.02151319253348459,0.03339403115709154,0.01694588023278159,0.02792587490214206,0.37815301046053706,0.273604436289281
CNNValentine.csv,3620,7.650276243093923,6.780889006966176,0.03949087422520114,0.05423286849041986,0.031246805133013297,0.05101407959690212,0.5660349219563663,0.26779602130241387
RvaUnicorn.csv,3217,7.578178427106,6.686844640188779,0.05053613456901737,0.06505737133625084,0.0243387734451084,0.033413711065756864,0.4818073044906535,0.2901530937081745
DestinysFreedom.csv,3586,10.321249302844395,8.710372313206197,0.047198158247793096,0.05797401337870078,0.04081540739389964,0.051995847395522175,0.5386003672104567,0.23134495371551003
ThibodeauBob.csv,7901,10.111378306543475,2.9985438623267036,0.035296312689766345,0.03016555307442751,0.027239914014945497,0.027512623835670463,0.5442266542057566,0.144464633566839
kaelinlocker.csv,84,7.9523809523809526,6.244816444564552,0.048463998653536976,0.05346627001019857,0.03658761110164314,0.035752670342620876,0.6473573678218647,0.25726926920274173
johnpaulredmond.csv,6418,11.653942038018075,8.341331621701102,0.03956112809315989,0.046657144645178554,0.04135005845450716,0.0596888502919433,0.589007106353885,0.20449641244848699
usma6679.csv,2642,10.710825132475398,6.713704965841257,0.05203539607214681,0.04501861029204392,0.050705470534358,0.04817574076481625,0.5468349107976271,0.19181842468002339
Survance.csv,2881,5.776466504685873,7.900194076434935,0.022336808418404873,0.03822734545505247,0.019947496232637613,0.036970608472599364,0.2778549288829413,0.33207461919702824
ColdBudCash.csv,677,8.36189069423929,6.401201971222523,0.06325112464040542,0.0682096717626962,0.04275957133112438,0.052925599960791506,0.555742736722734,0.20629765337841371
EllisBaumer.csv,1507,7.367617783676178,5.310425932868538,0.06561379928570975,0.06466318677993543,0.026888015296614925,0.03820809941405879,0.6290360138139998,0.19289193551893394
BrandonScott361.csv,1080,5.497222222222222,3.7193178967767664,0.028297071532637563,0.03898314634356432,0.029600256963030022,0.04221319110161044,0.544364706638955,0.26099565923227647
gijunknw.csv,420,7.65,5.562106058816553,0.08038612292447067,0.07793548451627166,0.028528165594899235,0.03575059614430414,0.6058986542895902,0.2022875885903247
PaulDSmith9.csv,957,17.310344827586206,8.250190940838872,0.05242766027563115,0.03765619737149973,0.04330507520628094,0.03321871653193524,0.5760449527425563,0.1800784647213606
BottleBreacher.csv,12084,7.552631578947368,5.002263029046628,0.046062802883703374,0.06011796561430431,0.023516239529811366,0.03210513223032519,0.5004324435660993,0.21798022139779988
mcpon12.csv,288,3.0625,3.2365506973731564,0.04405226178567937,0.06403372044416587,0.023177097403636653,0.034221270238262935,0.6052987492762925,0.3469393287579953
iknowhoiam1984.csv,3224,10.501240694789082,7.180022840438074,0.042552601720072386,0.04397980401180344,0.03549808538336155,0.03663514652004312,0.5367002303802264,0.22444610631699832
encantoman.csv,1105,12.676923076923076,7.7928881337198135,0.03634676906895433,0.03873873204845755,0.04342810843677397,0.04390426944307984,0.6408584916038875,0.19280627098042327
alamomanatee.csv,639,6.2018779342723,5.256928916932596,0.07390603442431604,0.10278112051426494,0.031514987995483884,0.05522764808761103,0.5665115880348094,0.2716649110969346
WillHumbleYou.csv,9096,10.160729991204926,7.364945054109392,0.04892906941804893,0.055490845966082544,0.04811368200360192,0.05796550926178631,0.5978678724873754,0.19657790126673932
MicheleLRuppert.csv,4157,5.773875390906904,4.13110390250842,0.056080839894416555,0.07682540765801334,0.02847368741057874,0.04568072454230732,0.4143159828771918,0.24504746629905824
lance_newbold.csv,680,4.726470588235294,4.0531620788429175,0.061727464759133835,0.07379178062694056,0.03482375533778621,0.06259434204664441,0.5490975645355696,0.2928203136865029
Timpolkovitz.csv,10675,7.699297423887588,6.311231167581259,0.042975584261224456,0.05392720143927613,0.04458148522355979,0.058302323298086,0.5310316395063652,0.27849253568288507
Vet0917.csv,213,8.605633802816902,6.80198577724086,0.044981768456699135,0.04060483752099103,0.042710419168579025,0.05035370683680517,0.5227942322167883,0.2411461555011884
Jon_E_Arnold.csv,292,8.51027397260274,5.916360291853532,0.05899794171197739,0.05635127590466444,0.027582851868532564,0.024861750622974486,0.6088152314998112,0.21365609818809284
GRUNT_EnGiNeEr.csv,521,10.36852207293666,9.244933639981964,0.04607062293356135,0.05183940810966348,0.04220648393054607,0.048143893191123936,0.5175625650466342,0.2604829282140557
kevinjleahy.csv,1100,10.293636363636363,7.87055244997253,0.07308115479655958,0.08647842852124973,0.051960352132475976,0.06118776772320886,0.5571077273552018,0.20921960912393356
kimmeld8.csv,9626,12.041554124246831,9.222222336702888,0.04096514980503711,0.04136543519113091,0.03771469516015758,0.03997170871823498,0.5428441391458827,0.24465016096057693
