,disgust,trust,surprise,fear,sadness,joy,negative,anticipation,anger,positive,valid_tweet_count
fcharles81.csv,0.011360190069197296,0.03800668066932491,0.020864547076627445,0.02083335317390177,0.013471247601109015,0.030776117153879817,0.03175662732692527,0.03315713466318676,0.019253101512327033,0.059887529475784726,2483.0
GeoffMillard.csv,0.01277794960888802,0.04075623549720509,0.013560123331181648,0.019902133699062834,0.01804998322779979,0.025902542796530075,0.03680103030037742,0.026359087344225356,0.01994304715501068,0.05928575419759929,10766.0
cNikonphoto.csv,0.004893493244219013,0.018636310479838773,0.008169386123895154,0.00947146832576146,0.006385728278914404,0.02223464937009503,0.014025574574777376,0.017070969833959185,0.007399640697727647,0.037272424566822955,6981.0
veteranhank.csv,0.016891426660532578,0.04415033731005062,0.016870825383467684,0.027029810230679623,0.02114591152283889,0.025564328829103002,0.04430516573229257,0.025453614129549794,0.022076311708022572,0.0703684892986006,4980.0
RalasGang.csv,0.010976121798744253,0.047491240183526295,0.022267395131468297,0.024039976265512457,0.021655713652303427,0.05243656545424099,0.037153287635794015,0.037858850905935076,0.015301226037572016,0.07707145590002061,1209.0
jamesmartin0848.csv,0.01203060425110768,0.03365485277161625,0.024364994978931225,0.017051864012355603,0.010645423204989093,0.03791667897996833,0.02566546497141379,0.035030608506717326,0.013446267284274257,0.07701913521802267,1021.0
UndrshfGElliott.csv,0.011184866942512313,0.04097396248270767,0.014710422359400666,0.02962031600073994,0.02186168897676895,0.01990229973092654,0.04300873132670169,0.025641146826422337,0.028201341600964297,0.04587313821059904,465.0
JeffLaughlin2.csv,0.014930514166437871,0.03883971422045219,0.01131322729827979,0.020141775935741502,0.012549510760567463,0.026459132938030858,0.03315969120704186,0.018765854596260578,0.015136692352843756,0.04728711042091436,442.0
jerryesummers.csv,0.003373810827129365,0.07901411272037541,0.008310021666978824,0.010420476472152282,0.007729148315340487,0.09121925575603203,0.011244908193010297,0.061782739944640216,0.00495214629902541,0.11723421247975668,291.0
tulsatilly.csv,0.012189427079115854,0.04333161634150754,0.012069553774055929,0.013827661561643945,0.012830600715675898,0.02925911605382069,0.03443225241830541,0.02761303244061322,0.015108832095842302,0.069512677874059,572.0
MelanieSmith82.csv,0.017261964820233407,0.052534135265882576,0.020363561974332613,0.01359572122130632,0.024694651271401746,0.04637172545052677,0.0299324767090052,0.03259306066814632,0.013393906623651355,0.11296937331355605,212.0
anthonysbbqrubs.csv,0.006843042001727005,0.03696915235080886,0.016899470526468525,0.013158890853981156,0.007662652212285682,0.06583761657427575,0.026136515380504655,0.04043232695823148,0.009333652125034229,0.08390341345896427,533.0
lavekyl.csv,0.01566210760972002,0.034537922996604964,0.01673640807596757,0.02010569408161119,0.015665937476426233,0.021845479351469046,0.03637802549112948,0.029508065604775008,0.022432268293303137,0.050389672338097,2148.0
AnitaResists.csv,0.02469364373752577,0.04987730727935052,0.020653691291387232,0.03601978711727537,0.027249049093798033,0.03378297065386007,0.06086177994233026,0.03176448728846656,0.033444047061545065,0.06876983569315559,5515.0
BurntShine.csv,0.01441174929606683,0.042855395329592906,0.01685246678984588,0.019396138230559776,0.0176341959654866,0.03945862008930644,0.037108005414306956,0.028335050964204373,0.017199325150115335,0.07445840225192386,2191.0
Persch83.csv,0.009609894514941673,0.023350322549403106,0.008944119331448095,0.016108797264925222,0.011722737084077013,0.015847128680368635,0.026113419610077144,0.020701090896872033,0.014880066206649552,0.0440804810479791,1437.0
ricinMD.csv,0.028015765604007713,0.04382449577790516,0.03947186301024034,0.03037851695084827,0.028275166741560335,0.04113917733238168,0.061692229274709215,0.03765486075485499,0.03803078047752265,0.06952460047084087,1608.0
lesletx.csv,0.008918029195741278,0.04353320970078806,0.013859994116567197,0.01091675814519354,0.009487638605477454,0.032366171710960755,0.021850531254951466,0.02658035905111071,0.011178714738038617,0.060070858792797874,1767.0
Stuckertmellisa.csv,0.01216565361032599,0.043640566879669204,0.020771901014156782,0.028219856251211147,0.02229888759017937,0.03468979479526431,0.03593739853513235,0.037230408106009596,0.020263601594775863,0.06486562799675714,2280.0
Ironman_Tri2001.csv,0.00531250258830615,0.06757244497515133,0.007924688316510256,0.016942743757505496,0.013967307676688455,0.03564133701420097,0.025903172139328696,0.029983243195408495,0.010295402678678425,0.10218272943795784,664.0
mcbain120041.csv,0.0,0.12833350098277937,0.00480336095226981,0.0010795454545454546,0.0012121212121212121,0.03372378683500168,0.011037357704024371,0.02205712016833501,0.0010822510822510823,0.13048217021478192,66.0
mungerRoyan.csv,0.004972818606959063,0.04795222444392407,0.009180292071392444,0.016825702181749225,0.008721885855557106,0.024758687827865892,0.014584446371428897,0.033881063284288256,0.007340066780626723,0.0700476901762938,721.0
kiwiibones.csv,0.015740281792175598,0.03343307680235091,0.01662631726906194,0.011000158499484757,0.01408632408188262,0.0387827683473586,0.03946668076240673,0.02749183438526932,0.01719586637228495,0.05570057900340082,244.0
RichardDunlop.csv,0.007716689993193658,0.03758871472409811,0.012883986231077718,0.0142185997477229,0.011847135779891788,0.023972063120680398,0.026190319426330644,0.02621383833642576,0.013114919747243655,0.05952943355909192,14073.0
StuartMcCarthy_.csv,0.014229350326470548,0.0373811084687423,0.007745668159977418,0.03108001508971467,0.02277888798660193,0.012353533559628246,0.04530490671976402,0.022185065040149363,0.01823802884669681,0.051400528311009254,10016.0
mikesimonsays.csv,0.030540762254256355,0.05111279889500864,0.016438809971318996,0.029030772811682027,0.027127314268037668,0.04206165064768557,0.055099068758726714,0.033403038518799937,0.024366012075843997,0.07301361389675434,1837.0
QueenBlaqu.csv,0.023133702108554147,0.03437603443376854,0.01396967714995967,0.01905453334653815,0.019561463883698664,0.03531149018898333,0.04445737551595045,0.026157558667281318,0.0240549400361023,0.05905674284683244,7526.0
zat954.csv,0.012735355709748307,0.0455927632906213,0.014039506336607442,0.025987120428186353,0.015886024690358144,0.03279562307689261,0.03994649299593338,0.025854508273255004,0.02107434760343066,0.06823558083702616,297.0
HuffmanForNC.csv,0.011389649706991651,0.04322641790513604,0.01599528131066306,0.021478819626126414,0.016582502720593098,0.021006889320166207,0.0390795729826025,0.025368655295204084,0.02182004144163655,0.05411154058002031,5480.0
Matkaufman1220.csv,0.01076280864940188,0.0386165590065431,0.014238576617188997,0.01634961198237686,0.015298597472654845,0.029510335306848996,0.03363850982929832,0.030095813127489452,0.01566733472501564,0.058670734234658996,5760.0
MikeCopeland395.csv,0.021358421799412945,0.04522033045825119,0.018742216593877637,0.02305713980806765,0.02251803884826287,0.035352613749753806,0.052145098302735636,0.036842766684294315,0.023332105697300737,0.06307899960027355,7182.0
pryteighpaper.csv,0.002542396398328601,0.04523423916999483,0.016820514701870633,0.009065455304498472,0.009603222008440564,0.051977175849437784,0.02208624137082185,0.047241394718300404,0.00795683835938073,0.08544624117654737,118.0
mdmellott.csv,0.004265729053113392,0.057480579195248654,0.014247933452664894,0.01416238410632825,0.006780571839905344,0.03821063982561633,0.015566234967328152,0.05236484003504633,0.006437928502377096,0.08390278651976897,345.0
EsqRaza.csv,0.007832762088654036,0.06462357187156255,0.017803078967157004,0.01226387897434077,0.016902995028411635,0.052684488487231944,0.031065616516967418,0.04887800946881138,0.010247288950007625,0.09461581960690287,322.0
xanderinvictus.csv,0.009499484371580734,0.035252138236774457,0.01564445720141365,0.016242026833443234,0.012015069469196187,0.03130276496449207,0.02823010746292461,0.037670935511574584,0.01402975767166235,0.05583913334945637,4620.0
jackvelbar.csv,0.008357053407563741,0.046584170309981285,0.010203991151222343,0.01805553445366404,0.010485095048893996,0.02954371231063061,0.025180673166709182,0.027697736545405933,0.012200607020812987,0.06383502715238339,7178.0
AmerHeroesRadio.csv,0.004459052229015856,0.0847989839254496,0.012357654057184243,0.06272350142078927,0.017301733713701365,0.022693677118449038,0.041556867578849924,0.03767920212015471,0.026185661130394014,0.11873160251305226,1800.0
Timothy_M_Jones.csv,0.004036851338494155,0.06009876028326053,0.0264253753788181,0.012005650335829145,0.008936380774313876,0.0614403973190466,0.01685353550646576,0.056412650307596554,0.008295633855205639,0.10128706550352948,3309.0
Jen_Everitt.csv,0.009253279048552738,0.030217975200262797,0.01659107683508775,0.010580603290388896,0.01120263990594775,0.0346720007934529,0.02374453124859052,0.02898721021919519,0.00847981129722075,0.056159860533361576,863.0
MalanaShea.csv,0.00797172497638139,0.038175351643717256,0.018320724916614493,0.013809189070294494,0.01666427733357634,0.04458269799703913,0.02765138525565719,0.035600079366425535,0.0124058149701127,0.06214873088266642,1924.0
robveteran2232.csv,0.0033535636476812944,0.011122951596097377,0.0011930698205208008,0.004116090880796763,0.0017195767195767196,0.007915758896151053,0.005913476501711795,0.0043060361399461745,0.004170557111733582,0.01718685864039658,153.0
ILIntelCorp.csv,0.017387724149565686,0.041135836360494026,0.014835896009008864,0.025226375556693208,0.02263713057126914,0.02279224895602301,0.04939637898479448,0.027039129538460792,0.024458253412409352,0.052966365560939255,4552.0
dvc9999.csv,0.018091135080865496,0.03854161526280347,0.026124357648887413,0.01792804952143848,0.013340957361666414,0.034249152186265786,0.03688597184821603,0.03583889864750301,0.014736415513807338,0.06180952058872794,328.0
dcbrant.csv,0.011658493084083028,0.05487089933862058,0.021405605086518932,0.018412179695507343,0.01650994140898492,0.04410877606639949,0.034784376400599996,0.029448380226747062,0.018600725593965594,0.08865076014722198,663.0
jtkstc.csv,0.015878005911541777,0.03632792747483154,0.03360142236803868,0.026555180293165344,0.024188041753870373,0.017326895482492118,0.049035419624610485,0.02476380167223478,0.02283596773145594,0.05250782865555518,2139.0
CullenYossarian.csv,0.01060290642646039,0.0539880509902986,0.016297542445954338,0.01537860730638442,0.010188356288162028,0.03874509886210163,0.027705131453626963,0.0335235923181546,0.01423846096719262,0.08762111979923377,5560.0
JustCallMeRage.csv,0.017224955958113925,0.03314867678070941,0.014471430804299405,0.01811490715605512,0.018435331827230415,0.026864043288767483,0.04032608041273285,0.024468543369020383,0.02050730808868859,0.050009796564933824,16417.0
StMarthasTable.csv,0.009468958638276757,0.07605444960010407,0.012807056587535481,0.02954697544238663,0.01891257434657748,0.05742478283919196,0.03747302806411427,0.04512921912875862,0.012632910618458393,0.11803801920734305,1280.0
amwyatt.csv,0.0006515043828476663,0.025901457602549836,0.015629817068220715,0.008792622249781482,0.0037192066521638937,0.02349876653095315,0.012182557263656182,0.03027483044077714,0.005350087713791019,0.048292765224977656,201.0
idfsniper.csv,0.016528566643514906,0.04282090658172892,0.013974065343755775,0.030954650204332957,0.01704910367574274,0.02086857986400838,0.054795865605830926,0.03661780726542329,0.024548730253104466,0.06320985993106168,591.0
Pharoe73.csv,0.0056664763544125455,0.029378984812683712,0.014674175479260223,0.015039871321027855,0.016644936983920035,0.017548365005992123,0.03371220559655255,0.028899161102550926,0.02199236640911616,0.0671180827960489,59.0
en4cer18.csv,0.010664370465316073,0.043650014565528326,0.02309286943999527,0.02128045513459574,0.020697231855798404,0.028625877315158147,0.026432299208595904,0.041050268845219534,0.019291067745855678,0.06856188738199863,170.0
JeremyPing1.csv,0.006668751940353631,0.038844858580839796,0.014501185995607752,0.01921328866521001,0.014565058885740017,0.029657494405392733,0.026823097751593177,0.029465374596030193,0.01239155900769451,0.059950752412479755,280.0
jscherer100.csv,0.01613010744198347,0.051900982112934806,0.030085752920100933,0.018245193912776632,0.018024287478387052,0.048841694628002835,0.033405459071719996,0.03880834089207147,0.015979866847592186,0.08103065275189322,2225.0
WarHunden.csv,0.01963815089085134,0.058720243244265065,0.014050143955640394,0.02287506994882866,0.016725328376231783,0.03915774856708028,0.03882638938491884,0.02547311503163071,0.02318364152897543,0.06939639892323553,2386.0
McGuireArmyNavy.csv,0.007246573354374312,0.03906805655486058,0.017426785379219822,0.028365233542066142,0.012920767647889287,0.03458273536436267,0.034829973764314334,0.02807368630381566,0.014623378657152861,0.06599184348584584,555.0
TeeliaLowery.csv,0.007223181285264923,0.04645232646477404,0.012963970538879478,0.02216486580948829,0.01615136836236016,0.03747518498765124,0.028890341668232854,0.032802319795104826,0.014401016133037958,0.07720204139540505,1194.0
Christi78790.csv,0.009951629547179533,0.06444875657522231,0.009426283196748531,0.020992318782340397,0.010650342868161668,0.0778629339728604,0.025464373937285116,0.026379083713815064,0.013017206486908451,0.10141928596466569,347.0
normanllamas.csv,0.009156372905199233,0.04066039415102962,0.016963987615692188,0.019311190068149766,0.015167877749621602,0.01878052913040475,0.03154362309539701,0.027203439220295625,0.014758740252119033,0.06595957256950243,269.0
WVPapiX3.csv,0.01707719610785089,0.06950016311731208,0.0167912433066978,0.024014762139385158,0.021235132267590606,0.050587032344800456,0.049316251648697865,0.032752111854544456,0.025017193970715758,0.09133574483716701,2759.0
SNAFU_Sara.csv,0.012623516087311023,0.033907428837155015,0.011431939836904997,0.017142706347745097,0.016786280456092807,0.021392793359420053,0.03414204230492955,0.02437753017994569,0.015974376435861276,0.048461142154098226,19920.0
Meastt23.csv,0.021156273533518222,0.04440133121731157,0.015722171777872926,0.02573086046416582,0.0187196709059373,0.02891742421064212,0.04860964991553057,0.030489028166400374,0.03070001613961434,0.06304934643364575,1645.0
VyceVictus.csv,0.018828193465847087,0.03461958690295391,0.010998851666084252,0.02765520015106199,0.018601465149578385,0.022337893937018568,0.042716587769965474,0.030643708082154678,0.023741217361567476,0.05378103935269635,400.0
dsdelamater.csv,0.0065007193449534185,0.03970971159624824,0.011700728255259576,0.009757358189350154,0.00759133625000284,0.03254852799234359,0.02442640531829016,0.03245771402855971,0.011346751098890263,0.07268822386958904,167.0
HouseDivaJill.csv,0.015019515748992738,0.033909953844870284,0.012071107020223704,0.02679964222254324,0.016745185866332002,0.028519765352241044,0.03997257296885422,0.024318329979759395,0.02160473287547103,0.05355741347356697,2093.0
zack_kreish.csv,0.003183622828784119,0.049264476019328395,0.013816510099751884,0.005392118401192811,0.006819986465147756,0.05696431248723886,0.014006619689378315,0.04037826559738074,0.002430395913154534,0.0930438106035017,150.0
missleatha3.csv,0.015826769120225355,0.03416889466212475,0.018079656830504817,0.023406021921634917,0.01791760012147396,0.01857656828103122,0.043968684327195647,0.0205284505049073,0.023185961531842526,0.048791366014752015,3880.0
OldParaTRP.csv,0.0148597933120879,0.041201621229378184,0.01517002506566452,0.025968946994427356,0.020431291731396562,0.02350601043349052,0.04624195948077537,0.026602349479043604,0.02216246877367325,0.056611255673501025,5393.0
PatrioticCPT.csv,0.016557588189013536,0.04372396531333014,0.012296009244244097,0.02553441826723295,0.02001039354998619,0.0205137179938481,0.042965339490967425,0.025158545728511863,0.02278138725777119,0.05552915124024988,621.0
E_Young_56.csv,0.019296824079226272,0.06457305285294432,0.027207066762525104,0.019983746773447608,0.011871151828088851,0.0530670217200524,0.043824476460710964,0.05246351885646848,0.022937672626420044,0.08098341352208141,1320.0
ToddTannerWV.csv,0.01716328678708885,0.06021184912381595,0.021724901836664933,0.031493445187657766,0.023510544323552204,0.054507139366974815,0.04340608757319694,0.04578390488027383,0.021761372644776743,0.09015464180397308,1298.0
thejamiekaiser.csv,0.009240263258610295,0.04771677560618675,0.014846813858368082,0.020290323699918077,0.015528404168810678,0.02853334277943905,0.03354026259187015,0.03710255130408979,0.014528737846938337,0.07285574373816346,9683.0
OSUfan_2.csv,0.0032789235358405317,0.04295658774786822,0.022644212656909753,0.013850363188326597,0.013610998187959201,0.05930233876563716,0.017113389790126922,0.04336038598293741,0.0078116791071205305,0.08266876660786761,330.0
3sixtyTax.csv,0.022334597227817478,0.04921228236764407,0.015037797824353735,0.028866182380278813,0.026154438092123432,0.02795372949334805,0.0585193988551734,0.02740415918209519,0.026847878893584805,0.06735836249286625,1419.0
EthanMilich.csv,0.004317813022179771,0.020124867047201515,0.007302872801836651,0.006712436282121401,0.008054348207614482,0.012025751375640015,0.01595320221236734,0.011256041904056255,0.007872462571782906,0.029841448713572943,879.0
C38557143.csv,0.01173968814539372,0.05624782018358376,0.020851126407449547,0.017555415261555005,0.013707552292848217,0.051058140682965276,0.026847019510839672,0.03018164772400682,0.01223720339673187,0.07818463259574515,812.0
BobVitale.csv,0.02596954203547794,0.04985566880007882,0.022080331684973784,0.02356582847822805,0.024860568502437588,0.031178044625365126,0.06276863396278494,0.03192620354581429,0.029266769390311725,0.07212996300660925,7011.0
TheDarkRabbit.csv,0.010486435668447834,0.034116626236164814,0.013951869070013981,0.01491778529935874,0.012256297223551814,0.030873716031002918,0.02772077303233473,0.029408565604592967,0.012973951522712288,0.055023456234844934,17700.0
ryanenser.csv,0.004294340806812033,0.056309888620047426,0.010049245817795614,0.010571119262034447,0.0064746977760800056,0.052277603556454104,0.01202588857138523,0.04618896328419081,0.005564598975263607,0.07878003226194091,3297.0
Legewnis.csv,0.0026266369912272144,0.007641337340340264,0.002539264635162251,0.009805877193569446,0.0021592248069290465,0.0047901682357585325,0.011250040063862094,0.004777233123742442,0.006298648457363383,0.011455707937026903,1550.0
lilgde90.csv,0.022911381345418057,0.0342449378229024,0.012318191173323535,0.018326521258940052,0.01635714956515554,0.031267786072583736,0.04094270421002487,0.027294154699122587,0.02624067306123878,0.05373950177913926,9821.0
BigFox57.csv,0.004191640185145374,0.010075649022024347,0.003781796953604665,0.006125394078173678,0.004997423533411976,0.006024648109761584,0.0124780233523013,0.007897696930650146,0.0058120849805459295,0.013534405687665476,953.0
gemluvr257.csv,0.02054708727323301,0.04373006726082356,0.02141166941147319,0.02709450922940165,0.020119089663659044,0.030357041425095044,0.0482786190858485,0.027489880366620117,0.023937061757558886,0.057303282972099044,18545.0
RobertLarkin3.csv,0.00694835092497447,0.034017591967952496,0.021242297046612183,0.014421052010258518,0.011516032831379844,0.026851670115963035,0.024899223347476657,0.029348136852537485,0.013973478855142205,0.0515458580044348,408.0
cheyyenne.csv,0.014756962945549443,0.042662027144606596,0.01615937630479634,0.025179522807457874,0.01741795884870959,0.03969087749483333,0.03430316688220626,0.031859253275846176,0.017920337539008784,0.062477647179409145,4025.0
ill.csv,0.0009263833992094862,0.011236834572432398,0.007671826965305227,0.006439393939393939,0.004889245718050065,0.008033067476002258,0.007911736512279992,0.009295625871712829,0.006542325428194994,0.016777930704561135,368.0
NjVeterans.csv,0.001176178370006721,0.0444283447351874,0.0037068864776142706,0.007056013789193366,0.0042199116257723,0.04514149355530358,0.013794974181048514,0.02878137011779539,0.0027424493936617574,0.0677636848585955,244.0
FadedCanaDave.csv,0.017763172938480117,0.03462837419691991,0.02012764631166038,0.019394812552632115,0.019048070500742982,0.03278366336267548,0.04198439963998055,0.036394564806475,0.019895908815920887,0.061138034163984785,7696.0
CommonSense316.csv,0.017741888572680543,0.039493432255250684,0.016762562691891046,0.019666464720528624,0.01806156640372879,0.025662361093522507,0.04868728137840959,0.025415182052154553,0.021359847198727595,0.05500735761628743,2227.0
clsavage_7.csv,0.009732520776343722,0.06669897013356099,0.024040675725487223,0.012099378713105817,0.018896487093293977,0.045469948104484424,0.0358263448988575,0.0390526557836076,0.01989466110824007,0.0807216975855654,239.0
RaymondEMosher.csv,0.01804129936199083,0.03901830681922357,0.02873490704814907,0.02675163037069085,0.02505757094457609,0.02531310214064929,0.05243983377500366,0.029513948147784155,0.026405095762259145,0.05377377819389445,1500.0
Ginalolaknits.csv,0.0007104593681039964,0.0024057341491292403,0.0014718668730644363,0.0010635323761764592,0.0008256317686319427,0.0017738606435459495,0.0020801710469288666,0.0019217968838666968,0.0010426703222391274,0.003245356299102309,7920.0
NormanZolkosMLO.csv,0.002782870612886328,0.09068473367910246,0.001969416126042632,0.003969449225473322,0.0012768465165007858,0.0841553025287965,0.005475473321858864,0.08596120746723156,0.003646729776247848,0.08969443469050593,83.0
Jackmo23045.csv,0.006488688015476886,0.029467522180929316,0.009154440880866628,0.007810398668404585,0.011178837192227176,0.010193668996033169,0.023505399625184824,0.013712361787644758,0.013826209203019267,0.02737547211587803,297.0
VETS1775.csv,0.008862384083332762,0.039828671025938414,0.016499923186781278,0.03147717762034664,0.01103319514077155,0.02946935735151065,0.03263009648677266,0.0302325824473103,0.01933737378683844,0.054886851733261154,240.0
mr_jferg.csv,0.011526954624758843,0.050167644896796385,0.014224965121824706,0.022078449337353725,0.016211464591538535,0.03211598381417962,0.034584494333286836,0.035407501689129824,0.016284714615033846,0.07916215255892463,1622.0
Oleblloyd.csv,0.0017787393622376304,0.028560779148152245,0.0069329707624833595,0.013435488246683313,0.008528615601605307,0.014694340950898345,0.013353976397095397,0.01638041265186574,0.008097311025397637,0.05424046724585922,188.0
Anc5E08.csv,0.01769177134346852,0.025036713837266335,0.010534594168723797,0.020348382986465262,0.01910886776732295,0.012547763910899783,0.04310894560098835,0.014049767354079696,0.020130404299019966,0.03545628949541969,180.0
Team_Harbaugh.csv,0.006816571224233862,0.046453848004261895,0.014032983285231927,0.01669703475209842,0.012485734828710977,0.023003441660954096,0.025914411174081727,0.03009979979516394,0.015530537391971083,0.06937712959253013,1040.0
mpdubois.csv,0.0014772890712740337,0.030392170657592612,0.005625578852237937,0.013012549382992298,0.006470455650074866,0.011714820279140743,0.011920548943726635,0.018292650298347313,0.007286657294555191,0.04346502275537046,147.0
OriginalSeanD.csv,0.012660606645062352,0.0322290741082983,0.014834938065395872,0.020563152463338636,0.01402336394547384,0.02814323678748048,0.038524979288071866,0.023529762055815993,0.016441461186910124,0.05985287198671038,1604.0
ambjg.csv,0.013113252039434442,0.03901256049917201,0.014353877275681316,0.019711643014744387,0.017650852173478452,0.020639461415794508,0.03598057983829579,0.02332278594524956,0.016955258108924943,0.0490141971060155,2541.0
ShabbyDogQ.csv,0.02545415593211946,0.04086671845513606,0.015478581879924683,0.021591918151185382,0.0193161998183709,0.020329408802580766,0.05557780217038429,0.026107632807607608,0.02570259681298775,0.05134016312765211,3176.0
madame_briar.csv,0.016230301818802043,0.050217407439598544,0.0178380498901562,0.021745163685764454,0.01667907437409018,0.04470245598739417,0.040260846955401705,0.032377631367483437,0.017146605130451836,0.08116496289027231,1965.0
warrior_vet.csv,0.027699369255320527,0.037816021283124175,0.018837372889785722,0.027235173192503827,0.024117661942460355,0.02756005888163767,0.05262655433234388,0.02364424651894683,0.029608469928373196,0.050093469414628965,4426.0
tweetsbyjulio.csv,0.004264336057943487,0.014032961802669464,0.005214033678958875,0.007753271001957828,0.005331134981181786,0.010676284461455935,0.012771538743873887,0.011437243317271157,0.006706360633813387,0.02294004344240532,25487.0
janus96159274.csv,0.03204080864937801,0.0378689588623497,0.01936819039263839,0.03305724296011151,0.028979845338817267,0.018738154637620193,0.07297169924291805,0.025616090373580612,0.02772398896084602,0.0652145478956301,81.0
dgartdeco.csv,0.011430298295967109,0.05842622520729343,0.015493614245983315,0.01663986567576129,0.016443473524285074,0.04983857578687909,0.03572249946598653,0.034057091793029605,0.014631934339685012,0.08591900103941211,1133.0
RaeRealtor.csv,0.005227402123115944,0.032149606928404885,0.013250483437618237,0.007508488122808039,0.010559896059255062,0.02857169093492865,0.020551505328543496,0.025053430980939356,0.010078009033050568,0.052602317936852244,568.0
LsfarmLw.csv,0.023916922304569908,0.04839102316478025,0.03055082662708392,0.02671138904626075,0.033072712770403065,0.04334414192517804,0.055876665613819584,0.04021463850125164,0.030591063759819268,0.07380205041215183,4360.0
frantny.csv,0.012741427597115202,0.06354602384941829,0.03047329446947443,0.018889064853599796,0.015027358512078376,0.058004699860599696,0.039280187513023666,0.05178862155706659,0.016666474277286743,0.10440705769371787,186.0
aliens2018.csv,0.012119162308460435,0.03027655674920192,0.015658967084492742,0.010626700414843586,0.015434608248707,0.02200107292122781,0.02960853043904012,0.016785048745055094,0.014421849255979714,0.04353977383195007,788.0
DameKathy.csv,0.01748675036713612,0.04676084126647794,0.018407371348953747,0.025211177190454907,0.021234512842997627,0.027469183779278948,0.04861895360512459,0.029902505404272185,0.02284645197557523,0.05946480428764338,1604.0
mmillerjunior.csv,0.014717240644522603,0.03446280868161725,0.012965813044455736,0.01537517869905191,0.014331447497883716,0.02721094220642533,0.0336559266066093,0.028972361829909015,0.020658868756643023,0.056607634008971154,753.0
CharlieLance.csv,0.01211440574437298,0.02685369829225425,0.008265841819303007,0.025055960774118393,0.015510817865479937,0.01731166572053839,0.03975793693048395,0.020447560995188168,0.019639314841807396,0.04432799349091136,1626.0
Lucky_Mango.csv,0.0,0.060004398994230386,0.024485546509437718,0.015430227837438864,0.013211382113821137,0.07212375320175501,0.02707497448351107,0.06416280245008875,0.006653779824511531,0.08742384247732847,82.0
ChargerSix.csv,0.006607871416233785,0.02552009481671069,0.011701721189886516,0.011335924591491933,0.010477948413318708,0.0118108178518664,0.024755638976723546,0.023065389680562928,0.014052069254520292,0.03658710449308624,245.0
JerryNoland007.csv,0.019463538793370278,0.07757038058387304,0.020645029724924466,0.029016475504288174,0.018309393866168897,0.05972575549807698,0.0483029162944689,0.039912569154968096,0.019577377376425443,0.08990047776650797,940.0
CyberGopher.csv,0.0022802199433528355,0.0325489542261807,0.011919265734766597,0.010977325313629872,0.006222538736625744,0.02752294900689339,0.015519677239651229,0.02447968967217056,0.008766358563789114,0.058848095380692744,3575.0
mb_hatch.csv,0.02175801524206223,0.04349809781680452,0.016291968081795703,0.02692613787665484,0.024030860005465872,0.019329431336895263,0.06099284611421567,0.022809385952703487,0.02746932018959455,0.05859357442675018,3960.0
NickBreinerCPP.csv,0.0036812782596696595,0.05562847483915493,0.010546087517863999,0.021438891405159963,0.008424448870420593,0.021866096320003043,0.02083226769139039,0.024189436724544162,0.006433624642919109,0.07445306822540428,284.0
jackeva53658017.csv,0.021283007869304378,0.061211866562638814,0.012366973221481925,0.04217331821549599,0.016035468082535156,0.057529631313082384,0.04456408601547095,0.04699375510832573,0.022310238536622496,0.08814474748367558,62.0
DavidMuirJr.csv,0.0048293936938933555,0.043729726388752485,0.008592236453256637,0.0113826297348511,0.007944101957331022,0.02823509680420172,0.0173740754045797,0.031005963452963737,0.007632548340656839,0.07025490217847766,6672.0
kody_kirk.csv,0.012558874661650555,0.03835131937502237,0.01599039756385187,0.016664088500610658,0.017422372028188936,0.029495049822422608,0.03266042773381226,0.03058278880341684,0.015278570345837345,0.05460122960236597,6736.0
JustmeRobW.csv,0.010948975229145461,0.024275153787511248,0.014508519407473115,0.012363567581018073,0.010957663871521738,0.017469004261768176,0.03218239559235564,0.016379560457496087,0.013385957247064425,0.03703262470649171,19430.0
TrueBennett.csv,0.020080621260170198,0.043670813819718136,0.014831762362153915,0.034696224732613204,0.026354829368737478,0.0217916057311294,0.053786588887427815,0.02686231769057725,0.026386115464771966,0.05855678820211036,9861.0
WesleyTSmith3.csv,0.0026481626952954526,0.02168901801309522,0.004919052347022851,0.0073622118870906505,0.0053533138004928284,0.00904193487859722,0.011249360759136025,0.010276371612911447,0.003620193298581543,0.02756920349241749,67.0
Zombie_Mel_.csv,0.018746023751907596,0.039995462109978515,0.019739614589005257,0.01694759507536266,0.01857503573762159,0.046300479269644076,0.037198874190713625,0.03966720055670262,0.01814705882462856,0.0724195663173964,4786.0
dorknrok22.csv,0.01697898582397936,0.05421490147523333,0.0204744236471514,0.026581798641868642,0.024043376243218676,0.04593743911011543,0.04666511435727269,0.05216220788890811,0.028847049011117436,0.08007214782674776,106.0
ericlarson171.csv,0.025792830957638256,0.03511178878558556,0.010931579561258705,0.020260009598244887,0.014188581026816319,0.018024486654165794,0.06693221608231746,0.01785331948871502,0.02315863874687403,0.04542481741048031,165.0
andrewrkirsch.csv,0.026032614111707764,0.04220074767585538,0.01746643313607549,0.03345855682117086,0.033810789078042254,0.026829252390196644,0.05871399306293244,0.0340509218039598,0.036244362364377336,0.061593566567597305,84.0
k_kamar.csv,0.00837248267719518,0.03668583673846251,0.009703429704974788,0.02262090047764919,0.013281102574502861,0.015498639211070739,0.024561421621072877,0.023660324400024326,0.006762790473197713,0.07440110757102317,130.0
hdwrench99.csv,0.010268722683234303,0.03539660338151755,0.010758798301754614,0.016543929578116727,0.014541981083243755,0.024440028821867937,0.029326305747278097,0.01973557290606282,0.01603237793948394,0.04817460427313113,161.0
StevenBeynon.csv,0.013265696826726762,0.04049016667141265,0.013747244655049297,0.027592093649270982,0.017383754379647523,0.0203928316729333,0.04212312623127568,0.02683624600782027,0.02237118895842401,0.055740981788370635,40775.0
ChiefsDanny58.csv,0.017142018143555045,0.03799950958307925,0.01410173408738677,0.021409864947401023,0.019944459236660213,0.02286397559371858,0.04782101278159269,0.025045606847374575,0.025131571523866473,0.0495536838313956,2040.0
ServiceK9s4Vets.csv,0.0029901304572995647,0.04195578403058425,0.007429052231884303,0.02262773229342747,0.009239059935817657,0.01516623079165006,0.02795236384027663,0.017413458339442144,0.010348863746684787,0.05761086619966368,482.0
MattDrikas.csv,0.0103919162018289,0.04744646930076432,0.016092973007996968,0.019255657195873865,0.012748519603140033,0.030885119109609057,0.030111399420092867,0.03338594762507064,0.014829138898822841,0.06504625995725662,360.0
CarolinePestel.csv,0.00730165891456214,0.030523683430654373,0.012637576514731864,0.008394044812450884,0.01009183732143884,0.03283424307452852,0.01831319744981984,0.02841246413662056,0.004586088589883657,0.06024943163033207,155.0
marccgonzo.csv,0.013485969059988178,0.040419371802251046,0.018186153753404006,0.0204043231507507,0.017249643208780457,0.032499900013653556,0.03675108186157834,0.029304250950085566,0.016814905095064038,0.06176982982840635,2026.0
fobosays.csv,0.007011822767934651,0.054794930612961985,0.01104109169124649,0.018742658774152314,0.019497783111400064,0.053992030561014905,0.03741898635393258,0.03951397056985621,0.02484896646714731,0.08287384397081393,52.0
JMFGoose.csv,0.010436352058092065,0.040472836605280525,0.017276242052170005,0.01906121989154323,0.016943795762239332,0.03463492935097731,0.031209643548447488,0.03214383785514926,0.011994750647005462,0.06523141339087533,1518.0
macleod842.csv,0.012785715867807591,0.041912177279491716,0.019930849580647905,0.017974530201899548,0.015266462027501747,0.0344231785079058,0.029780883989589568,0.03536166986101592,0.01583494482045346,0.06784156909495305,1607.0
GeneEdwardsSCMO.csv,0.0026154193567822417,0.07419891528038448,0.009527933618126738,0.006480508990668756,0.005979315536656679,0.04502045414884864,0.012205198071433672,0.048488584921628754,0.004905177633439625,0.09875768543573077,8095.0
realtoyaboyd.csv,0.011583128188646895,0.0543598552058678,0.009250506659003586,0.009424245376148698,0.010552116981180248,0.040176841366877235,0.02567964539796536,0.02516102105425639,0.013607998128620047,0.08170892779849497,1509.0
thedrillsgt.csv,0.007962046249014733,0.05229868817262824,0.01779847059950557,0.022071025038454966,0.010062666045962237,0.0468610721903125,0.030583881004317928,0.04114079849568405,0.01440417684835207,0.08801938114179701,810.0
ChattJazz.csv,0.022420846683204244,0.044082796201710475,0.027973060254238683,0.03262644546286048,0.026138999752840036,0.022145674956008717,0.06145960947446839,0.024047348299030505,0.03198289422265829,0.059921873312441844,13583.0
TheSchlewis.csv,0.00911396492320436,0.04508757749188734,0.013424038743057278,0.014831133882288057,0.015549328916806493,0.022271400173583183,0.02692554626650859,0.029697907586003255,0.011577047944384801,0.05893433442851658,1463.0
AndreaBillingsl.csv,0.017039519250277052,0.049272688575255755,0.014165925590470653,0.024753128631108765,0.019814453151780077,0.024891809816807713,0.04252904583262985,0.025345101584438923,0.022484792111154134,0.06415734247050031,1899.0
jfrie1424.csv,0.009940066133542232,0.03857454402230064,0.010738453398629642,0.016464460386848574,0.008353496389184053,0.03114839547108097,0.03284151567302541,0.027928951374436895,0.013214274591006282,0.05648246836609697,1834.0
BDALE1.csv,0.008811429407363501,0.0407161828463964,0.02303322640383658,0.020201308009169795,0.01374594777241587,0.03132347834116425,0.03701327623514993,0.040003359482682216,0.022068212711046916,0.061322239418044495,703.0
RodReyesMota.csv,0.004360554163185743,0.04296532713211998,0.01728711407987724,0.009536419964051543,0.0057882078934710516,0.035199420199546395,0.010737876518768967,0.03869045524908528,0.005573843021402136,0.06536213413818633,120.0
gachervenak.csv,0.012252420846157757,0.01910245850121411,0.010767505223975599,0.02444795764849116,0.014921360527840174,0.020716922107069356,0.03948950413785498,0.01934992541437051,0.023328403074588576,0.03445151791210002,4970.0
bolingerj2004.csv,0.00866077198032149,0.04802428649482001,0.016727084751248587,0.02191299161544327,0.014967445541961031,0.02999797690671627,0.036799605893088366,0.029316848709841484,0.01807786939275717,0.071561404228854,2537.0
WarScar666.csv,0.013755761619887792,0.032335098878397105,0.017150958760066053,0.021733304715096543,0.017023659983240205,0.021037288325723495,0.04244399638241203,0.021056309474536804,0.020048733205207264,0.0484941674175249,1890.0
tifflovesoils.csv,0.01692271889267405,0.037343864758812635,0.020203691701135337,0.026996277576629,0.020409237862655936,0.02486445867530247,0.04710561060504366,0.022704862351456846,0.022148317069512716,0.05296577019158915,21827.0
jeffisbluenow.csv,0.019161302105333636,0.03884729074722361,0.01800295748506332,0.021878426831466694,0.017349815947944765,0.021169104564938895,0.04478820347767117,0.025316449018660245,0.022360487154052852,0.05682826224273985,1686.0
junebug1387.csv,0.011179265493171693,0.03652353156457247,0.013498153955099181,0.01671383912523167,0.012810199400312649,0.03200937843028355,0.026715475158945314,0.02185532809857307,0.01390981132697367,0.06045168389670727,1503.0
DanielH_DC.csv,0.008552779165128397,0.0429445756172772,0.013605774449964192,0.009211303300786762,0.014337198061732472,0.0211919266598819,0.025210207594643905,0.036590346720573555,0.014250048565853263,0.06697782065221909,247.0
MsSaltyGiggles.csv,0.013595239307626017,0.02503078804479227,0.011478557110785331,0.015128445504027898,0.015838346632917027,0.021864588784339015,0.030799752106420268,0.01975062507816685,0.01609187491625916,0.04402883428816276,1633.0
brianknoch.csv,0.026946738471450887,0.049665150969435475,0.016094861246531245,0.03528551197960381,0.025152475144056677,0.0417203470945374,0.060693615313074975,0.03649559094983408,0.027415058736402508,0.07068212503362857,600.0
jeff_schlapp.csv,0.010301558523754013,0.06615113847739693,0.012655794459312064,0.016410998478297387,0.01267234646455711,0.0557204621357223,0.0318460671780952,0.03453312089161673,0.0135894915551866,0.091689214879372,1332.0
Adrienne_Acts.csv,0.012432999980369805,0.034918574983263395,0.014661217368830236,0.017433084818699013,0.015729510665718704,0.031653861224643795,0.033562691386038596,0.031500389587186636,0.015479881126787741,0.06014552757888493,3362.0
TheRealFitzNYC.csv,0.003976279728506205,0.046940003533367664,0.010850534288771458,0.014817436259122213,0.007928450152862592,0.016036006771574882,0.02653001168064822,0.025141407990760888,0.010234323979640346,0.06687134821866826,389.0
leftwingcatmom.csv,0.00978633835388125,0.028733658002714144,0.009771577785317263,0.009518110975644619,0.008312733803408901,0.0358388801517939,0.018045473629896096,0.017342952161728233,0.010895614337726185,0.05807010238057079,6560.0
hparichart.csv,0.0009873296644652815,0.0018422254162533884,0.0007221505390219946,0.001126117563696976,0.0004689376037972839,0.001380862056409367,0.0016262976245788546,0.0013432658991320845,0.0006205634715356838,0.0024432394962583355,4232.0
LynnJauregui.csv,0.01836205751986653,0.0450443711419851,0.025655188185046068,0.0216068061858747,0.019307636970449762,0.021830449676196562,0.03926921964234257,0.026009087299699557,0.018319281576071683,0.06904076555461335,756.0
StephanieTA_BAE.csv,0.0024622805093318105,0.05739138863940071,0.015711791971437745,0.014561508769236797,0.005752510638250791,0.041676914388270536,0.017920892768899382,0.04381793338713879,0.009564277831113027,0.10796581097762867,765.0
EcyorRoycex.csv,0.010638297872340425,0.00384160756501182,0.0028368794326241132,0.01297638531681085,0.00816869300911854,0.014479905437352246,0.021963408931494035,0.006137479541734861,0.01905541267243395,0.020348848759361902,188.0
iamdetashia.csv,0.0029153678193383453,0.08697943703340731,0.021501630490829992,0.01923206439972025,0.008430082991748392,0.07807242076893349,0.014792060648744805,0.06103868923309446,0.0050686080723355426,0.1409986770136831,1484.0
1badmonkey.csv,0.021035018653367463,0.0588822579379362,0.01992184827449015,0.02365902990443244,0.01292295440064574,0.0406001227351978,0.0378034433026743,0.04344104543817475,0.027076213735297654,0.10530566111832002,192.0
WilliamNickerso.csv,0.009128687869148666,0.024883179536389424,0.008848241261098086,0.013245117427215078,0.009573189103183475,0.014225057001170093,0.03150216074780651,0.015333401119104827,0.01405367936366554,0.03463091296511358,2289.0
MeVictorD.csv,0.01245533373767061,0.04650454869127052,0.02009264760937743,0.029590791064271253,0.021890698161827985,0.034966929945266796,0.04301995221730463,0.030941607762276682,0.022417158611447646,0.06993313674286672,11259.0
JayskerHater.csv,0.014702617674110447,0.037431816238387754,0.01570089049600922,0.017707005902229237,0.016715947662074678,0.026957522277421417,0.03603029083652995,0.030037151058685027,0.02041653573507055,0.05484974071092471,4867.0
OsbertUSMCVET.csv,0.014367202638526769,0.04878793259791514,0.013417344085019605,0.03373997576471443,0.017583174620181184,0.021791726928817652,0.04677808013806547,0.026859791141080874,0.023388030889194646,0.06544491141856379,1412.0
Sarango.csv,0.0019983650249725637,0.03939182042523019,0.014335615654580039,0.011744265995687942,0.008580603924284629,0.01183290085835438,0.007368833107387954,0.021223855721788698,0.005026339884583289,0.06061333965168039,902.0
thejoecardamone.csv,0.011344739264217621,0.04006359242404434,0.011908174471135768,0.010094172725725308,0.008707892360977734,0.031697303862450746,0.02295577467099614,0.027469976381904963,0.01268205881831604,0.06713571603140837,2282.0
sordellini_ed.csv,0.008282572238303495,0.052203498301628244,0.029301243706857338,0.014726224142272603,0.01090536501983904,0.062100149961388205,0.024650509479801186,0.046178348348239986,0.010042812986958449,0.07698716214591543,677.0
InSpaceXItrust.csv,0.00834400052944637,0.027634264752578852,0.011630057396990707,0.013420876344394678,0.010453627384686665,0.021024605487462707,0.022136571036269745,0.027088900449675452,0.012154635304394607,0.050356344083558206,4210.0
LHQ_HUNK.csv,0.002182827035744828,0.00758776687779709,0.0028822089245049967,0.0050292523857478535,0.001271687151795277,0.004289550664173019,0.005069831433323244,0.006512382041082947,0.0015865478180631624,0.0124647629934639,331.0
twittylity.csv,0.011924513278013246,0.047937171036780905,0.01775131621586923,0.026635138106034777,0.023989191598816097,0.0263165252495483,0.039885577773172795,0.023307378371290582,0.012430228706099456,0.06659000021978635,161.0
geart66.csv,0.009623204070348923,0.026228589437589427,0.006750272839296801,0.024709165540621757,0.014690056728102871,0.01957611798814724,0.03027419565451051,0.016231287736925844,0.014741991686622479,0.039751493359609424,752.0
CNNValentine.csv,0.012602648406051901,0.04316277678037636,0.01846735255099571,0.022273060233136337,0.015890388179325473,0.02620380888411467,0.03573736878670792,0.02543173210068312,0.017309726461535058,0.058913596962141726,3620.0
RvaUnicorn.csv,0.005866356266302724,0.031140510929951282,0.009003039831354347,0.011335897728989384,0.008167720429406715,0.027159495511027226,0.018068798738390107,0.022220427649777472,0.007396193865251515,0.0526405709242485,3217.0
DestinysFreedom.csv,0.03325335677965602,0.05425236857669497,0.02048855712453897,0.03593013649941388,0.02708861582838922,0.03488299438570135,0.06588789445171202,0.02899531465116454,0.037250908813226645,0.06716888839464956,3586.0
ThibodeauBob.csv,0.007739882915040156,0.030685845556908963,0.015409275927354261,0.019939744509413417,0.013955746832330454,0.020903566223981828,0.030902379370832296,0.027738220956218255,0.01511599469543261,0.05047319214821389,7901.0
kaelinlocker.csv,0.002872640991880623,0.04471977693988577,0.012318313735359385,0.02780516584128527,0.0123021382882655,0.026761591046283756,0.025575918334971342,0.04018320238087608,0.01095178076744897,0.049386083117529234,84.0
johnpaulredmond.csv,0.02769708943293679,0.04705009906325992,0.013965309168929333,0.03789183421762132,0.027337523792046212,0.016037306527879904,0.06793800788738832,0.021811221922987428,0.03905801828479835,0.052000171414080844,6418.0
usma6679.csv,0.02988265793906604,0.046385961045811976,0.015548637812936044,0.022951642161896976,0.018905447046729463,0.027818559103059807,0.06826379822718065,0.028433544662477224,0.019668684039705366,0.06543536518504744,2642.0
Survance.csv,0.007872573788082001,0.020591923866201848,0.007573485297835916,0.011883195515104377,0.008758547994964738,0.010067151733725964,0.022138019049009208,0.010166879892400785,0.010332994401721335,0.027543754191561635,2881.0
ColdBudCash.csv,0.021123944898419133,0.0610242565597039,0.023129082964690708,0.02628298228325703,0.021058876701802887,0.04703995400892244,0.04891467587404463,0.029451116425640227,0.024965744143259347,0.08789582666477683,677.0
EllisBaumer.csv,0.005442209450653855,0.0263564429702818,0.007560989841718193,0.00877596741840424,0.006180511782665711,0.017435423541387596,0.015980509563495192,0.0159201096341398,0.006283244705259594,0.0785299345310874,1507.0
BrandonScott361.csv,0.014865965672982267,0.03496450477364671,0.019270874979820763,0.050767035796874645,0.026256134668876448,0.01459292598994725,0.06401121240019333,0.02129596364416336,0.0397884253821214,0.04894463920738223,1080.0
gijunknw.csv,0.0036685248836515207,0.048996792752164744,0.011979933278506612,0.00845030037204548,0.006533749558284098,0.05677370685475627,0.030825550168952352,0.049989018049812456,0.0063639746198146325,0.08531409066202024,420.0
PaulDSmith9.csv,0.026208545955507673,0.041124617569261585,0.019272810675965656,0.03510007666320876,0.024647457495863532,0.024253710321157772,0.05685735990799397,0.023988471335526937,0.029265086401179176,0.05871890908866153,957.0
BottleBreacher.csv,0.003120021868556858,0.04195736295544506,0.014538636368664504,0.011817466281385332,0.010189487708463944,0.040873761195656735,0.018954741558354,0.03296715669288907,0.008907616962687338,0.0666593338147638,12084.0
mcpon12.csv,0.0,0.0227268987643118,0.005844907407407407,0.00035919540229885057,0.0,0.03243135376756066,0.013196198092031425,0.03186462324393359,0.008101851851851853,0.06236436882930222,288.0
iknowhoiam1984.csv,0.013172294699255745,0.04516543794476006,0.01768344901543547,0.024759511847270432,0.017949745662116046,0.033229904273213484,0.03956313170211268,0.03582502857677977,0.0175744219953568,0.06404525473686302,3224.0
encantoman.csv,0.015678806506137316,0.0360812054570458,0.01227743669850272,0.021246361377718896,0.017373285854552268,0.014472421246041063,0.03877688311455642,0.019797343995054763,0.01655248897292012,0.0407079924000345,1105.0
alamomanatee.csv,0.006845467451230711,0.03853169681344308,0.00844434845541768,0.009383699321383896,0.010108429941021372,0.03709533872110606,0.022756398466437237,0.03651926510332264,0.007799695650586019,0.08263581679163882,639.0
WillHumbleYou.csv,0.028621811522853452,0.053803539343349714,0.0192930791812927,0.029982732247281655,0.02283267302838234,0.03148827840734549,0.05871103981129941,0.028901464647145738,0.02784089613448258,0.07327569075989092,9096.0
MicheleLRuppert.csv,0.00629725773851751,0.037635420224504085,0.022993334922489134,0.010915585844428808,0.007911114074468288,0.05408789733074635,0.015497300129005255,0.03660472909134534,0.007404953437246628,0.08589952090754088,4157.0
lance_newbold.csv,0.011655615704067087,0.05179021189385592,0.012581704595234415,0.01725800096225205,0.01467974161141024,0.036116100742793984,0.031573255356706846,0.03784564168601356,0.016198218622236603,0.07500552109989679,680.0
Timpolkovitz.csv,0.021854200798071294,0.04016620694727363,0.015325717455433862,0.03228004979003021,0.024972574343075083,0.021220174097188054,0.059130540741545,0.020963188187508145,0.029105108608817536,0.050138645999995235,10675.0
Vet0917.csv,0.028287686623952653,0.02708473938056205,0.006723347672978997,0.0374021565764035,0.014979790137991621,0.018267686079994714,0.0604255666577961,0.02065430870066598,0.04698802483608875,0.03884433659139809,213.0
Jon_E_Arnold.csv,0.004042512293418821,0.039985778537182916,0.010470555293482299,0.00772309062721042,0.009537508932456073,0.0310339251978522,0.02182888441348468,0.033578982763259366,0.0065664168623511075,0.057264975011684864,292.0
GRUNT_EnGiNeEr.csv,0.01731181180267719,0.04817089930561913,0.009909093552607159,0.019768041355961666,0.02228388099837103,0.02784778185168372,0.04829317722467437,0.02585079599140572,0.023212116839201567,0.06521334330444514,521.0
kevinjleahy.csv,0.034306742545502984,0.04597641927796949,0.026725671346943196,0.024952592722176748,0.023938226974882505,0.032274559007049876,0.05937744487443409,0.03273603579335097,0.02767257728243567,0.06555301406871687,1100.0
kimmeld8.csv,0.015947727686985557,0.0421592505667138,0.013735726596089622,0.025948895477675066,0.020787509479518636,0.021467557649276006,0.043380594444246974,0.0240962571639352,0.022437994572827247,0.05521036571334146,9626.0
