,count,ttlLen,list-1-w,list-1-f,list-2-w,list-2-f,list-3-w,list-3-f,list-4-w,list-4-f,list-5-w,list-5-f,list-6-w,list-6-f,list-7-w,list-7-f,list-8-w,list-8-f,list-9-w,list-9-f,list-10-w,list-10-f
fcharles81.csv,2483,28163,good,0.0035152505059830273,nice,0.0019174093668998331,more,0.0015268259773461633,new,0.001491318396477648,bad,0.0013847956538721017,awesome,0.001171750168661009,real,0.001171750168661009,great,0.001171750168661009,big,0.0009587046834499166,white,0.0009587046834499166
GeoffMillard.csv,10766,197807,â€™,0.0023558316945305273,good,0.002274944769396432,great,0.001395299458563145,white,0.001380133160100502,little,0.0010313082954597158,more,0.0009554768031465014,black,0.0008948116092959299,new,0.000879645310833287,other,0.0008493127139080013,late,0.0008493127139080013
cNikonphoto.csv,6981,57386,good,0.001864566270518942,happy,0.0013243648276583138,more,0.001062977032725752,last,0.00080158923779319,little,0.0007667375318021817,best,0.0007493116788066775,ur,0.0006099048548426446,beautiful,0.0005750531488516363,much,0.0005402014428606281,great,0.0005053497368696198
veteranhank.csv,4980,101173,illegal,0.0019175076354363317,good,0.0012948118569183478,more,0.0012750437369653958,american,0.0009192175778122622,great,0.0008599132179534065,sure,0.0008599132179534065,many,0.0008203769780475028,other,0.000780840738141599,only,0.0006622320184238878,much,0.0005732754786356044
RalasGang.csv,1209,32220,quiet,0.0019553072625698325,sweet,0.0018311607697082558,happy,0.001334574798261949,good,0.0012725015518311607,..,0.0012414649286157666,beautiful,0.0011793916821849783,great,0.0011173184357541898,gorgeous,0.000931098696461825,poor,0.0008379888268156424,medical,0.0008379888268156424
jamesmartin0848.csv,1021,13124,good,0.0051813471502590676,live,0.00365742151782993,better,0.0020572996037793354,great,0.0014477293508076807,little,0.0012191405059433099,much,0.0009905516610789393,ready,0.0009905516610789393,bad,0.0008381590978360256,same,0.0008381590978360256,next,0.0007619628162145687
UndrshfGElliott.csv,465,5345,â€™,0.0048643592142188965,good,0.0039289055191768,re,0.0018709073900841909,next,0.0014967259120673526,last,0.0014967259120673526,least,0.0013096351730589337,better,0.0011225444340505146,bad,0.0009354536950420954,happy,0.0009354536950420954,.04,0.0009354536950420954
JeffLaughlin2.csv,442,3752,â€™,0.00453091684434968,ll,0.0018656716417910447,..,0.0013326226012793177,own,0.0010660980810234541,same,0.0010660980810234541,single,0.0010660980810234541,great,0.0007995735607675906,next,0.0007995735607675906,other,0.0007995735607675906,fantastic,0.0007995735607675906
jerryesummers.csv,291,2577,happy,0.01435778036476523,amazing,0.007372914241365929,best,0.0038804811796662787,awesome,0.0034924330616996507,good,0.002716336825766395,new,0.0019402405898331393,fantastic,0.0015521924718665113,deserved,0.0015521924718665113,ðŸ’™,0.0015521924718665113,many,0.0011641443538998836
tulsatilly.csv,572,12802,good,0.0017184814872676145,other,0.0014060303077644118,more,0.0013279175128886112,many,0.0013279175128886112,local,0.0010935791282612093,awesome,0.0010154663333854085,â€™,0.0010154663333854085,military,0.0010154663333854085,last,0.0008592407436338072,veteran,0.0008592407436338072
MelanieSmith82.csv,212,2244,proud,0.0035650623885918,ur,0.0035650623885918,new,0.0035650623885918,humble,0.0035650623885918,charlatan,0.0017825311942959,wall,0.0017825311942959,official,0.0017825311942959,white,0.0017825311942959,nationalist,0.0017825311942959,human,0.0017825311942959
anthonysbbqrubs.csv,533,4667,good,0.004713949003642597,great,0.004499678594386115,happy,0.0025712449110777804,ready,0.0017141632740518534,new,0.0014998928647953717,more,0.0014998928647953717,delicious,0.0014998928647953717,big,0.0012856224555388902,nice,0.0012856224555388902,little,0.0012856224555388902
lavekyl.csv,2148,38068,good,0.0031522538615109804,â€™,0.0026794157822843333,new,0.0018913523169065882,free,0.0018388147525480718,great,0.0012609015446043922,best,0.0012609015446043922,more,0.0011558264158873595,sure,0.0010507512871703267,last,0.0009456761584532941,better,0.0008931385940947777
AnitaResists.csv,5515,76737,â€™,0.002098075244015273,white,0.0012249631859468054,good,0.0011207109999087793,â€œ,0.0010164588138707534,real,0.0009382696743422339,many,0.0008600805348137144,true,0.0007558283487756884,more,0.0007297653022661819,much,0.0007297653022661819,new,0.0006906707325019222
BurntShine.csv,2191,25485,~,0.006906023150873062,more,0.0023935648420639593,good,0.002158132234647832,other,0.001373356876594075,....,0.0012164018049833235,best,0.0012164018049833235,many,0.0011379242691779477,new,0.0009024916617618206,much,0.0008632528938591328,*,0.000824014125956445
Persch83.csv,1437,25164,â€™,0.0031791448100460975,great,0.002026704816404387,better,0.00178826895565093,next,0.0015498330948974725,more,0.001430615164520744,many,0.0011921793037672865,able,0.0009140041328882531,same,0.0008345255126371007,best,0.0008345255126371007,last,0.000715307582260372
ricinMD.csv,1608,13462,great,0.004011291041450008,..,0.0034170257019759324,good,0.0033427425345416728,best,0.0023027781904620412,....,0.0015599465161194473,big,0.0015599465161194473,open,0.0015599465161194473,little,0.0015599465161194473,horny,0.0013370970138166691,hot,0.0013370970138166691
lesletx.csv,1767,37200,many,0.0038172043010752687,great,0.003010752688172043,good,0.0014516129032258066,more,0.0013709677419354838,other,0.0012903225806451613,phenomenal,0.0011290322580645162,sure,0.0010215053763440861,proud,0.0008870967741935484,incredible,0.0008333333333333334,same,0.0008064516129032258
Stuckertmellisa.csv,2280,33778,â€¦,0.001302623009059151,good,0.0012730179406714429,free,0.0012730179406714429,new,0.001036177393569779,more,0.0010065723251820712,awesome,0.0007993368464681153,generous,0.0007697317780804073,bonus,0.0007697317780804073,..,0.0006809165729172834,own,0.0004736810942033276
Ironman_Tri2001.csv,664,9053,excellent,0.00375566110681542,great,0.002098751794985088,military,0.001988291174196399,higher,0.0016569093118303324,more,0.0015464486910416436,amazing,0.0015464486910416436,good,0.0015464486910416436,better,0.0015464486910416436,black,0.0013255274494642659,proud,0.0013255274494642659
mcbain120041.csv,66,677,happy,0.0103397341211226,irreverent,0.0029542097488921715,great,0.0029542097488921715,social,0.0014771048744460858,sure,0.0014771048744460858,grade,0.0014771048744460858,garlic,0.0014771048744460858,vegetable,0.0014771048744460858,fellow,0.0014771048744460858,inaugural,0.0014771048744460858
mungerRoyan.csv,721,13182,â€¦,0.001744803519951449,feral,0.0016689424973448642,great,0.0015172204521316948,powerful,0.00144135942952511,middle,0.0012896373843119405,un,0.0012896373843119405,rare,0.0012896373843119405,physical,0.0012137763617053557,other,0.0012137763617053557,best,0.0012137763617053557
kiwiibones.csv,244,2497,good,0.002803364036844213,few,0.0012014417300760913,perfect,0.0012014417300760913,true,0.0012014417300760913,username,0.0008009611533840609,awesome,0.0008009611533840609,funny,0.0008009611533840609,left-handed,0.0008009611533840609,black,0.0008009611533840609,bad,0.0008009611533840609
RichardDunlop.csv,14073,216606,good,0.0019113043960001107,more,0.0011357026121160078,new,0.0009695022298551287,other,0.0008171518794493227,real,0.0007894518157391762,digital,0.0007894518157391762,next,0.0007479017201739564,â€œ,0.0006786515608985901,last,0.0006786515608985901,many,0.0006648015290435168
StuartMcCarthy_.csv,10016,238720,many,0.002111260053619303,medical,0.001855730563002681,more,0.0012734584450402144,other,0.0012357573726541555,australian,0.0010849530831099196,good,0.0010807640750670241,same,0.001013739946380697,own,0.0008587466487935657,tafenoquine,0.0007330764075067024,senior,0.0007205093833780161
mikesimonsays.csv,1837,31932,..,0.004540899411248904,good,0.0027245396467493422,more,0.0018476763121633472,many,0.0016910935738444193,â€™,0.001659777026180634,last,0.0011273957158962795,great,0.0010647626205687085,better,0.0010647626205687085,other,0.0010647626205687085,ready,0.0010647626205687085
QueenBlaqu.csv,7526,97679,good,0.0014742165665086661,black,0.0012285138054238885,great,0.0011261376549718978,much,0.0011159000399266986,same,0.0009930486593843098,more,0.0009725734292939117,white,0.0009213853540679163,wrong,0.0008394844337063238,such,0.0008292468186611247,true,0.0008190092036159257
zat954.csv,297,9581,â€™,0.0028180774449431166,more,0.0015655985805239536,good,0.001252478864419163,other,0.001043732387015969,only,0.001043732387015969,â€œ,0.0009393591483143722,ignorant,0.0008349859096127753,ll,0.0008349859096127753,true,0.0008349859096127753,possible,0.0008349859096127753
HuffmanForNC.csv,5480,141690,more,0.0018067612393252875,republican,0.0017573576116874867,next,0.0010586491636671606,many,0.0008610346531159574,much,0.000853976992024843,wrong,0.0007128237702025549,american,0.0006987084480203261,military,0.0006422471592914109,good,0.0005857858705624956,new,0.0005504975651069235
Matkaufman1220.csv,5760,73566,great,0.0023108501209798005,happy,0.0015632221406628062,new,0.001508849196639752,more,0.0014136965445994073,good,0.001332137128564826,best,0.0011418318244841366,amazing,0.0011146453524726095,many,0.0009379332843976837,next,0.0008155941603458119,better,0.0007884076883342848
MikeCopeland395.csv,7182,55858,good,0.0035088975616742453,new,0.0018260589351570052,more,0.0013605929320777686,bad,0.001288982777757886,sure,0.0012173726234380035,dead,0.0011815675462780622,happy,0.001038347237638297,awesome,0.0009488345447384439,stupid,0.0009309320061584732,big,0.0009309320061584732
pryteighpaper.csv,118,2045,amazing,0.006356968215158924,great,0.004400977995110024,much,0.00293398533007335,many,0.00293398533007335,better,0.0019559902200488996,greatest,0.0019559902200488996,best,0.0019559902200488996,same,0.001466992665036675,thankful,0.001466992665036675,complete,0.0009779951100244498
mdmellott.csv,345,9168,great,0.007526178010471204,many,0.0029450261780104713,good,0.0022905759162303663,incredible,0.0022905759162303663,ready,0.0022905759162303663,military,0.0016361256544502618,next,0.0016361256544502618,able,0.0016361256544502618,impoant,0.0013089005235602095,â€™,0.0013089005235602095
EsqRaza.csv,322,4332,good,0.0039242843951985225,new,0.003231763619575254,great,0.0030009233610341643,â€˜,0.0030009233610341643,â€œ,0.0025392428439519853,best,0.0025392428439519853,â€™,0.0023084025854108957,happy,0.0018467220683287165,awesome,0.001615881809787627,other,0.0011542012927054479
xanderinvictus.csv,4620,83052,good,0.0026971054279246735,first,0.002600780234070221,new,0.001974666474016279,more,0.001745894138611954,last,0.0017338534893801473,best,0.0014087559601213698,much,0.0012763088185714973,great,0.0012161055724124645,happy,0.0011920242739488513,same,0.0008548860954582671
jackvelbar.csv,7178,108085,â€™,0.002784845260674469,good,0.0016376000370079105,â€œ,0.0013692926863116991,other,0.0009344497386316325,new,0.0009344497386316325,last,0.0008789378729703474,more,0.0008141740296988482,local,0.0006846463431558496,first,0.0006661423879354212,early,0.0006291344774945644
AmerHeroesRadio.csv,1800,20039,military,0.005289685114027646,..,0.002345426418483956,first,0.0008483457258346225,local,0.0007485403463246669,naval,0.0007485403463246669,covid-19,0.0006986376565696891,top,0.0006986376565696891,new,0.0006986376565696891,medical,0.0006487349668147113,pandemic,0.0005988322770597335
Timothy_M_Jones.csv,3309,46605,good,0.009205020920502092,new,0.004119729642742195,great,0.002961055680720953,beautiful,0.0015234416908057075,ready,0.0014376139899152452,happy,0.0012659585881343203,silent,0.0010728462611307799,more,0.0009870185602403176,little,0.0008797339341272396,full,0.0008368200836820083
Jen_Everitt.csv,863,15387,â€™,0.002729576915578085,old,0.0019496977968414895,good,0.0014297783843504257,many,0.0014297783843504257,little,0.0014297783843504257,amazing,0.0011698186781048938,â€œ,0.0010398388249821277,more,0.0010398388249821277,last,0.0010398388249821277,much,0.0010398388249821277
MalanaShea.csv,1924,26641,â€™,0.0040914380090837435,good,0.0024773844825644684,new,0.0020269509402800197,lol,0.0015014451409481626,other,0.001126083855711122,last,0.0009759393416163057,own,0.0008257948275214894,more,0.0008257948275214894,happy,0.0008257948275214894,black,0.0008257948275214894
robveteran2232.csv,153,519,potential,0.0038535645472061657,brown,0.0038535645472061657,automatic,0.0038535645472061657,ðŸ¤¦â€â™‚ï¸,0.0019267822736030828,electric,0.0019267822736030828,first,0.0019267822736030828,last,0.0019267822736030828,stoned,0.0019267822736030828,free,0.0019267822736030828,own,0.0019267822736030828
ILIntelCorp.csv,4552,114220,more,0.001173174575380844,other,0.0011293994046576781,white,0.0010943792680791456,good,0.001068114165645246,same,0.0009805638241989145,much,0.0007529329364384521,real,0.0007354228681491858,own,0.0007179127998599194,better,0.0007091577657152863,military,0.0006916476974260199
dvc9999.csv,328,3266,same,0.002449479485609308,great,0.002449479485609308,awesome,0.002449479485609308,horrible,0.001837109614206981,nice,0.001837109614206981,best,0.001837109614206981,past,0.001837109614206981,wrong,0.001224739742804654,sure,0.001224739742804654,....,0.001224739742804654
dcbrant.csv,663,9321,good,0.004505954296749276,poor,0.002896684905053106,better,0.002574831026713872,other,0.002252977148374638,awesome,0.002252977148374638,happy,0.0016092693916961698,true,0.0016092693916961698,great,0.0016092693916961698,different,0.001287415513356936,best,0.001287415513356936
jtkstc.csv,2139,45259,answer,0.008683355796637133,more,0.0011489427517178904,pandemic,0.0010384674871296317,democratic,0.0009942773812943282,other,0.0009058971696237212,good,0.0007954219050354625,same,0.0007291367462825074,better,0.0006407565346119004,bad,0.0006407565346119004,sure,0.0006186614816942487
CullenYossarian.csv,5560,67237,â€™,0.0032868807353094278,good,0.0020673141276380566,more,0.001502149114326933,â€œ,0.0011005844996058718,re,0.0010857117360976844,best,0.001070838972589497,much,0.0009667296280321847,democratic,0.0009667296280321847,many,0.0008626202834748725,american,0.0008180019929503101
JustCallMeRage.csv,16417,176514,good,0.0033538416216277464,ur,0.002934611418924278,real,0.001223698970053367,bad,0.001053740779768177,new,0.0010140838687016328,little,0.0009800922306445947,nice,0.0009800922306445947,....,0.0008724520434639745,other,0.0008667867704544682,more,0.0008611214974449619
StMarthasTable.csv,1280,15422,impact,0.005057709765270393,real,0.0041499157048372455,good,0.001556218389313967,great,0.0007781091946569835,happy,0.0007132667617689016,free,0.0006484243288808196,live,0.0006484243288808196,more,0.0005835818959927377,christian,0.0005835818959927377,..,0.0005187394631046557
amwyatt.csv,201,4971,other,0.0032186682760008047,great,0.0024140012070006035,more,0.0024140012070006035,first,0.0024140012070006035,new,0.0016093341380004024,local,0.0016093341380004024,few,0.0016093341380004024,similar,0.0012070006035003018,different,0.0012070006035003018,whole,0.0012070006035003018
idfsniper.csv,591,25412,more,0.00043286636234849676,good,0.0003541633873760428,many,0.0003541633873760428,real,0.00031481189988981584,typical,0.00031481189988981584,most,0.00023610892491736187,liberal,0.0001967574374311349,political,0.00015740594994490792,popular,0.00015740594994490792,next,0.00011805446245868093
Pharoe73.csv,59,518,strong,0.003861003861003861,former,0.003861003861003861,queen,0.0019305019305019305,happy,0.0019305019305019305,famous,0.0019305019305019305,due,0.0019305019305019305,grateful,0.0019305019305019305,sure,0.0019305019305019305,didn,0.0019305019305019305,able,0.0019305019305019305
en4cer18.csv,170,2785,military,0.001436265709156194,new,0.001436265709156194,more,0.001436265709156194,great,0.0010771992818671453,true,0.0010771992818671453,gear,0.0010771992818671453,good,0.000718132854578097,bonus,0.000718132854578097,free,0.000718132854578097,loyal,0.000718132854578097
JeremyPing1.csv,280,6272,â€™,0.004623724489795918,good,0.0030293367346938774,great,0.0027104591836734694,orite,0.002072704081632653,many,0.002072704081632653,first,0.001753826530612245,sure,0.0015943877551020409,other,0.0015943877551020409,military,0.0015943877551020409,last,0.0012755102040816326
jscherer100.csv,2225,20566,good,0.0029174365457551297,more,0.0016045901001653215,best,0.0015073422153068171,wrong,0.0014587182728775649,true,0.0013128464455898084,real,0.0013128464455898084,sad,0.001166974618302052,right,0.001166974618302052,â€™,0.0010211027910142954,great,0.0010211027910142954
WarHunden.csv,2386,24804,â€™,0.00487824544428318,good,0.0024189646831156266,other,0.001128850185453959,better,0.0008466376390904693,new,0.0008466376390904693,next,0.000766005482986615,last,0.000766005482986615,sure,0.000766005482986615,own,0.000725689404934688,american,0.000725689404934688
McGuireArmyNavy.csv,555,8620,military,0.002552204176334107,new,0.0022041763341067284,happy,0.0022041763341067284,more,0.0015081206496519721,great,0.0015081206496519721,â€¦,0.0015081206496519721,genuine,0.0015081206496519721,good,0.0015081206496519721,last,0.0012761020881670534,free,0.0012761020881670534
TeeliaLowery.csv,1194,15451,â€™,0.0024593877418937287,happy,0.001423856061096369,first,0.0013591353310465342,â€œ,0.0013591353310465342,new,0.0011649731408970294,great,0.0009060902206976894,live,0.0007119280305481846,more,0.0007119280305481846,black,0.0007119280305481846,second,0.0006472073004983496
Christi78790.csv,347,6529,same,0.0016847909327615256,different,0.001531628120692296,good,0.001531628120692296,right,0.0013784653086230663,hard,0.0012253024965538366,much,0.0012253024965538366,most,0.0012253024965538366,other,0.0012253024965538366,real,0.0010721396844846072,true,0.0010721396844846072
normanllamas.csv,269,7111,english,0.0021094079594993673,many,0.0016875263675994938,positive,0.0016875263675994938,more,0.0016875263675994938,current,0.0016875263675994938,great,0.0014062719729995782,sure,0.0012656447756996202,lockdown,0.0012656447756996202,last,0.0012656447756996202,new,0.0012656447756996202
WVPapiX3.csv,2759,49005,â€™,0.0026527905315784106,great,0.0021630445872870114,liberal,0.0018365472910927456,more,0.001550862156922763,good,0.0014080195898377717,best,0.0014080195898377717,many,0.0011019283746556473,true,0.0011019283746556473,military,0.0009998979695949393,special,0.0009182736455463728
SNAFU_Sara.csv,19920,379957,â€™,0.00463736685993415,good,0.002063391383761847,more,0.0010632782130609517,much,0.0010580144595309468,last,0.0009869537868758833,bad,0.0009053656071608103,other,0.0008422005648007538,new,0.0008079861668557232,sure,0.0007816673992056996,re,0.0007500848780256713
Meastt23.csv,1645,21779,â€™,0.004499747463152578,good,0.0030304421690619406,same,0.0014233895036503054,â€œ,0.0011938105514486433,real,0.0010101473896873135,last,0.0010101473896873135,more,0.000964231599246981,big,0.000964231599246981,other,0.0009183158088066486,new,0.0009183158088066486
VyceVictus.csv,400,9994,good,0.0019011406844106464,new,0.0017010206123674204,more,0.0016009605763458075,big,0.0011006603962377428,â€™,0.0011006603962377428,few,0.0010006003602161296,best,0.0010006003602161296,first,0.0010006003602161296,great,0.0009005403241945167,military,0.0009005403241945167
dsdelamater.csv,167,3299,good,0.002121855107608366,other,0.001515610791148833,own,0.0012124886329190664,better,0.0012124886329190664,/,0.0012124886329190664,happy,0.0012124886329190664,first,0.0012124886329190664,orite,0.0012124886329190664,least,0.0009093664746892998,valuable,0.0009093664746892998
HouseDivaJill.csv,2093,23938,â€™,0.0023393767232016043,military,0.0021305038014871754,dual-military,0.00158743420502966,happy,0.0012950121146294595,more,0.0010443646085721446,great,0.0010025900242292588,same,0.0008772662712006016,little,0.0008772662712006016,best,0.00079371710251483,other,0.0007519425181719442
zack_kreish.csv,150,3192,greatest,0.0037593984962406013,amazing,0.002819548872180451,great,0.002819548872180451,happy,0.002819548872180451,busy,0.0018796992481203006,successful,0.0018796992481203006,born,0.0018796992481203006,orite,0.0018796992481203006,best,0.0018796992481203006,tough,0.0018796992481203006
missleatha3.csv,3880,81547,good,0.0012876010153653721,other,0.0012262866813003545,more,0.0011404466136093296,many,0.0010300808122922977,true,0.0010300808122922977,real,0.0008461378100972446,great,0.0007725606092192233,own,0.0007602977424062197,sure,0.0007480348755932162,bad,0.0007357720087802127
OldParaTRP.csv,5393,124079,â€™,0.0027885460069794242,many,0.001515163726335641,more,0.0014265105295819599,good,0.0012814416621668454,â€œ,0.0009913039273366162,same,0.0009671257827674304,other,0.0009429476381982447,military,0.000902650730582935,last,0.0008542944414445635,most,0.0007737006262139443
PatrioticCPT.csv,621,17500,â€™,0.0064,many,0.0013142857142857142,other,0.0012,good,0.0012,right,0.0010285714285714286,sure,0.0010285714285714286,military,0.0009142857142857143,â€œ,0.0009142857142857143,re,0.0009142857142857143,more,0.0009142857142857143
E_Young_56.csv,1320,16026,great,0.005803070011231749,good,0.005241482590789966,happy,0.003182328715836765,big,0.0028079371022089105,-town,0.0028079371022089105,horrible,0.0020591538749532012,best,0.0016847622613253464,unbelievable,0.0016847622613253464,better,0.001497566454511419,next,0.0013103706476974915
ToddTannerWV.csv,1298,22563,good,0.0028808225856490717,happy,0.0023489784159907816,best,0.0023489784159907816,more,0.0018614545938040155,better,0.0016398528564463945,bad,0.0016398528564463945,strong,0.0012852900766742012,positive,0.0010636883393165802,new,0.0008864069494304835,great,0.0008864069494304835
thejamiekaiser.csv,9683,124779,new,0.0017070180078378573,more,0.0012582245409884676,good,0.0012421962028867036,|,0.001154040343327002,real,0.0010177994694620088,last,0.00077737439793555,best,0.0007453177217320222,american,0.0006010626788161469,great,0.0005609918335617372,next,0.0005529776645108552
OSUfan_2.csv,330,5246,great,0.004956157072054899,good,0.003812428516965307,last,0.0019062142584826535,much,0.001715592832634388,nice,0.0013343499809378575,cheese,0.001143728555089592,new,0.001143728555089592,sad,0.001143728555089592,sure,0.0009531071292413268,memorial,0.0007624857033930614
3sixtyTax.csv,1419,32671,â€™,0.004040280370971198,more,0.0018977074469713202,â€œ,0.0012549355697713568,black,0.0011325028312570782,good,0.0009794619081142297,real,0.0009794619081142297,leftist,0.0009794619081142297,other,0.0009488537234856601,political,0.0009182455388570904,liberal,0.0008264209849713814
EthanMilich.csv,879,6714,â€™,0.002532022639261245,â€œ,0.0019362526064938934,great,0.0014894250819183796,wrong,0.0014894250819183796,american,0.0013404825737265416,many,0.0011915400655347036,good,0.0010425975573428656,right,0.0010425975573428656,free,0.0010425975573428656,few,0.0008936550491510277
C38557143.csv,812,12120,good,0.0038778877887788777,many,0.0023927392739273926,first,0.0014026402640264027,great,0.0012376237623762376,safe,0.0011551155115511551,sorry,0.0010726072607260726,little,0.0008250825082508251,beautiful,0.0008250825082508251,much,0.0007425742574257426,least,0.0007425742574257426
BobVitale.csv,7011,97895,good,0.002053220287042239,more,0.0018999948924868482,many,0.0011951580775320496,â€™,0.0010215026303692731,little,0.0009806425251545022,american,0.0009499974462434241,stupid,0.0008989223147249604,wrong,0.0007661269727769549,â€œ,0.0007354818938658767,re,0.0006435466571326421
TheDarkRabbit.csv,17700,319862,good,0.002432298928913094,happy,0.0013224453045375818,new,0.0011880123303174494,last,0.0011192326690885445,first,0.001034821266671252,much,0.0009379044713032495,awesome,0.0009191463818771845,great,0.000891009247738087,best,0.000872251158312022,more,0.000872251158312022
ryanenser.csv,3297,42773,good,0.0028055081476632453,great,0.0026184742711523623,more,0.0019404764688004115,content,0.0018235802959811096,.02,0.0015897879503425057,happy,0.0012858579010123208,tutorial,0.0012390994318846001,.03,0.001168961728193019,.01,0.0011455824936291586,/,0.0010988240245014378
Legewnis.csv,1550,16406,Ï„Î¿,0.003596245276118493,Î¿Î¹,0.0034133853468243324,greek,0.0023162257710593686,Î½Î±,0.0018285992929416067,Ï„Î±,0.0016457393636474462,turkish,0.0014019261245885651,Î´ÎµÎ½,0.0011581128855296843,ÎºÎ±Î¹,0.001097159575764964,Î¹ÏƒÏ„Î¿ÏÎ¯Î±,0.001097159575764964,ÎµÎ¯Î½Î±Î¹,0.0009142996464708034
lilgde90.csv,9821,98684,good,0.0027258724818612946,queen,0.0014896031778201127,big,0.0014794698228689554,bad,0.001236269304041182,happy,0.0012261359490900248,beautiful,0.0011754691743342386,gorgeous,0.0009829354302622513,real,0.000972802075311094,best,0.0009424020104576224,black,0.0008512018158972072
BigFox57.csv,953,7619,ÑÐºÐ°Ñ‡Ð°Ñ‚ÑŒ,0.004987531172069825,â€™,0.0031500196876230475,good,0.002100013125082032,Ð´Ð»Ñ,0.0018375114844467778,Ð½Ð°,0.0017062606641291508,Ð¿Ð¾,0.0015750098438115237,other,0.001050006562541016,much,0.0009187557422233889,whole,0.0009187557422233889,first,0.0007875049219057619
gemluvr257.csv,18545,281928,â€™,0.004408927101955109,more,0.0016812803268919723,many,0.001170511619988082,good,0.001017990408898726,own,0.0010108963990806163,new,0.0008370931585369314,sure,0.0008051701143554382,such,0.0007980761045373287,same,0.0007697000652648903,dangerous,0.0007023069719928493
RobertLarkin3.csv,408,6222,good,0.0036965605914496946,great,0.00273224043715847,â€™,0.0019286403085824494,military,0.0016072002571520412,best,0.0012857602057216328,last,0.0012857602057216328,amazing,0.0011250401800064287,big,0.0009643201542912247,new,0.0009643201542912247,same,0.0008036001285760206
cheyyenne.csv,4025,69638,awesome,0.0014503575633992936,more,0.0011344380941440018,good,0.0010482782388925587,safe,0.0008472385766391912,great,0.0008185186248887102,best,0.0007754386972629886,free,0.000732358769637267,....,0.000732358769637267,happy,0.0007179987937620265,new,0.0006749188661363049
ill.csv,368,1346,next,0.0014858841010401188,>,0.0014858841010401188,popular,0.0014858841010401188,official,0.0007429420505200594,ãƒ‰ã‚³ãƒ¢ã®spãƒ¢ãƒ¼ãƒ‰ãƒ¡ãƒ¼ãƒ«ã‚¢ãƒ—ãƒªã€ã„ã¤ã‚„ã‚ã‚‹ï¼Ÿ,0.0007429420505200594,first,0.0007429420505200594,//tv.adobe.com/watch/adc-presents/first-look-next-generation-flash-professional/,0.0007429420505200594,one-to-one,0.0007429420505200594,ã•ã£ããã€msã®è²·åŽå±¥æ­´ãŒã‚¢ãƒƒãƒ—ãƒ‡ãƒ¼ãƒˆ,0.0007429420505200594,ã‚½ãƒ•ãƒˆãƒãƒ³ã‚¯,0.0007429420505200594
NjVeterans.csv,244,2615,happy,0.005353728489483747,red,0.0030592734225621415,terrific,0.002294455066921606,special,0.0019120458891013384,â€™,0.0019120458891013384,new,0.0019120458891013384,better,0.0015296367112810707,next,0.0015296367112810707,good,0.001147227533460803,re,0.001147227533460803
FadedCanaDave.csv,7696,88920,good,0.004251012145748988,last,0.0018218623481781376,great,0.0016869095816464238,ready,0.0015519568151147098,new,0.0013832658569500674,happy,0.0012483130904183536,next,0.0011808367071524967,more,0.0010121457489878543,bad,0.0009784075573549258,best,0.0008771929824561404
CommonSense316.csv,2227,53256,â€™,0.002103049421661409,good,0.001840168243953733,â€œ,0.0013144058885383807,other,0.001295628661559261,only,0.001089079164788944,true,0.0010327474838515848,real,0.001013970256872465,old,0.0009200841219768665,better,0.0008074207601021481,right,0.0006759801712483101
clsavage_7.csv,239,2975,early,0.004369747899159664,young,0.002689075630252101,last,0.0020168067226890756,good,0.0016806722689075631,other,0.0013445378151260505,more,0.0013445378151260505,great,0.0013445378151260505,proud,0.0013445378151260505,bad,0.0010084033613445378,wonderful,0.0010084033613445378
RaymondEMosher.csv,1500,53486,more,0.003066222936843286,many,0.0016078973937105037,much,0.0011217888793329095,good,0.0010470029540440488,other,0.0009535205474329731,wrong,0.0008413416594996822,right,0.000822645178177467,only,0.0006730733275997458,same,0.0006543768462775306,better,0.0006356803649553154
Ginalolaknits.csv,7920,16964,much,0.033777410987974536,â€”â€”â€”-follow,0.0007663286960622494,â€™,0.0005894836123555765,more,0.0003536901674133459,ðŸ‡ºðŸ‡¸â™¥ï¸ðŸ‡ºðŸ‡¸,0.00029474180617778827,many,0.00029474180617778827,public,0.0002357934449422306,other,0.0002357934449422306,wishful,0.0002357934449422306,â€˜,0.00017684508370667296
NormanZolkosMLO.csv,83,993,.83,0.012084592145015106,.0-star,0.005035246727089627,.67,0.004028197381671702,simple,0.002014098690835851,constant,0.0010070493454179255,available,0.0010070493454179255,such,0.0010070493454179255,responsive,0.0010070493454179255,.33,0.0010070493454179255,pa.,0.0010070493454179255
Jackmo23045.csv,297,2498,jackmo23,0.01200960768614892,..,0.0020016012810248197,ovr,0.0020016012810248197,more,0.0020016012810248197,top,0.0020016012810248197,overall,0.0016012810248198558,same,0.0012009607686148918,first,0.0012009607686148918,live,0.0012009607686148918,good,0.0012009607686148918
VETS1775.csv,240,3376,military,0.003258293838862559,â€™,0.002665876777251185,good,0.0020734597156398106,last,0.0017772511848341231,unmatched,0.001481042654028436,own,0.001481042654028436,other,0.001184834123222749,nice,0.0008886255924170616,many,0.0008886255924170616,right,0.0008886255924170616
mr_jferg.csv,1622,29119,â€œ,0.0018888011264123082,â€™,0.0015797245784539304,good,0.0015110409011298465,great,0.0013049898691575947,more,0.0012706480304955528,many,0.0012706480304955528,last,0.0008585459665510491,first,0.0007211786119028813,new,0.0006868367732408393,best,0.0006868367732408393
Oleblloyd.csv,188,2813,free,0.007109847138286527,great,0.003199431212228937,last,0.0014219694276573053,unforgettable,0.0014219694276573053,many,0.0014219694276573053,â€™,0.0014219694276573053,sure,0.001066477070742979,orite,0.001066477070742979,other,0.001066477070742979,new,0.001066477070742979
Anc5E08.csv,180,2031,african,0.006893156080748399,conservative,0.004923682914820286,american,0.004431314623338257,democratic,0.0029542097488921715,clear,0.002461841457410143,false,0.0019694731659281144,non,0.0019694731659281144,presidential,0.0019694731659281144,other,0.0019694731659281144,social,0.0014771048744460858
Team_Harbaugh.csv,1040,29084,great,0.0024412047861367076,more,0.0018910741301059002,best,0.0017535414660981984,next,0.0011690276440654655,political,0.0011690276440654655,new,0.0010314949800577637,good,0.0009971118140558383,â€™,0.0008939623160500619,military,0.0008939623160500619,many,0.0008595791500481364
mpdubois.csv,147,1669,more,0.0017974835230677051,great,0.0017974835230677051,best,0.0017974835230677051,long,0.0011983223487118035,â€¦,0.0011983223487118035,last,0.0011983223487118035,â€œ,0.0011983223487118035,military,0.0011983223487118035,good,0.0011983223487118035,common,0.0011983223487118035
OriginalSeanD.csv,1604,18522,great,0.00215959399632869,last,0.0012957563977972141,good,0.0011877766979807797,best,0.0011877766979807797,latest,0.0011877766979807797,next,0.001079796998164345,more,0.0009718172983479105,happy,0.0008638375985314761,real,0.0008638375985314761,cool,0.0008638375985314761
ambjg.csv,2541,66598,â€™,0.0025826601399441423,many,0.00123126820625244,other,0.0010510826150935463,good,0.001006036217303823,old,0.0009009279557944684,rich,0.0008108351602150215,more,0.0007507732964953902,american,0.0006306495690561278,â€œ,0.0006006186371963122,russian,0.0005856031712664043
ShabbyDogQ.csv,3176,62213,â€™,0.004050600356838603,more,0.0020735216112388087,own,0.0013984215517657082,many,0.001173388198608008,american,0.0011412405767283365,real,0.000932281034510472,sure,0.0008840596016909649,true,0.0008519119798112934,good,0.000819764357931622,fake,0.0008036905469917863
madame_briar.csv,1965,30900,much,0.0018446601941747574,many,0.0017475728155339806,good,0.0016504854368932038,best,0.0014563106796116505,true,0.0010679611650485437,right,0.0008737864077669903,other,0.0008414239482200647,only,0.000744336569579288,sure,0.000744336569579288,strong,0.000744336569579288
warrior_vet.csv,4426,40329,good,0.0024300131419078084,..,0.0018597039351335267,....,0.0014133749907014803,many,0.001066230256143222,true,0.0009918420987378809,other,0.0008678618363956458,stupid,0.0008678618363956458,more,0.0008430657839271988,same,0.0007190855215849636,much,0.0006942894691165166
tweetsbyjulio.csv,25487,352563,un,0.0071192949912497906,una,0.003341246812626396,que,0.002941318289213559,el,0.0027711359388251176,los,0.0014976046834182827,es,0.0013501133130816335,lo,0.001126039885070186,se,0.0011090216500313419,ese,0.0010664760624342316,good,0.0007998570468256737
janus96159274.csv,81,1735,..,0.0023054755043227667,illegal,0.001729106628242075,bad,0.001729106628242075,real,0.001729106628242075,great,0.001729106628242075,good,0.0011527377521613833,targets/,0.0011527377521613833,5-0,0.0011527377521613833,military,0.0011527377521613833,better,0.0011527377521613833
dgartdeco.csv,1133,20885,â€™,0.004788125448886761,many,0.0023940627244433805,own,0.0016279626526214987,happy,0.0012449126167105578,american,0.0009576250897773521,re,0.000861862580799617,white,0.000861862580799617,much,0.0007661000718218817,sure,0.0007661000718218817,ll,0.0006703375628441465
RaeRealtor.csv,568,6831,*,0.0029278290147855364,new,0.0020494803103498754,good,0.001756697408871322,real,0.0014639145073927682,open,0.0014639145073927682,207-649-2156,0.0013175230566534915,wonderful,0.0011711316059142146,best,0.0011711316059142146,great,0.0010247401551749377,many,0.0010247401551749377
LsfarmLw.csv,4360,39090,good,0.0028140189306728063,more,0.001074443591711435,great,0.0009465336403172167,right,0.0008697876694806856,stupid,0.0008186236889229982,many,0.0007674597083653108,same,0.0007674597083653108,sure,0.0007418777180864671,much,0.0007418777180864671,little,0.0006907137375287797
frantny.csv,186,1934,good,0.004653567735263702,happy,0.0031023784901758012,least,0.002068252326783868,best,0.002068252326783868,many,0.0015511892450879006,new,0.0015511892450879006,sorry,0.0015511892450879006,awesome,0.001034126163391934,black,0.001034126163391934,other,0.001034126163391934
aliens2018.csv,788,6411,black,0.005147402901263453,â€™,0.0021837466853844955,good,0.0017158009670878178,true,0.0010918733426922478,more,0.0010918733426922478,old,0.0009358914365933552,same,0.0009358914365933552,new,0.0007799095304944627,many,0.0007799095304944627,real,0.0006239276243955701
DameKathy.csv,1604,47657,many,0.0027278259227395767,other,0.002266193843506725,good,0.002182260738191661,â€œ,0.0018465283169314057,more,0.0013219464087122564,wrong,0.0012589965797259585,â€™,0.0012589965797259585,bad,0.0010911303690958306,great,0.0010911303690958306,old,0.0009652307111232348
mmillerjunior.csv,753,11694,â€™,0.0029074739182486744,â€œ,0.001624764836668377,good,0.001624764836668377,new,0.0014537369591243372,best,0.0013682230203523175,first,0.0012827090815802976,happy,0.001111681204036258,great,0.0009406533264922182,same,0.0009406533264922182,better,0.0008551393877201984
CharlieLance.csv,1626,32817,more,0.0011579364353840997,many,0.0010360483895541944,old,0.0010055763780967182,little,0.0008532163208093366,sure,0.000792272297894384,good,0.000792272297894384,few,0.0007313282749794314,last,0.0007313282749794314,much,0.000700856263521955,..,0.0006094402291495261
Lucky_Mango.csv,82,1020,happy,0.004901960784313725,much,0.0029411764705882353,great,0.0029411764705882353,sure,0.0029411764705882353,safe,0.00196078431372549,next,0.00196078431372549,free,0.00196078431372549,new,0.00196078431372549,newest,0.00196078431372549,cool,0.00196078431372549
ChargerSix.csv,245,4336,â€™,0.0036900369003690036,good,0.0027675276752767526,more,0.0027675276752767526,next,0.0020756457564575647,same,0.0018450184501845018,amazing,0.0018450184501845018,don,0.0018450184501845018,several,0.0018450184501845018,military,0.0018450184501845018,â€œ,0.0018450184501845018
JerryNoland007.csv,940,13891,good,0.003383485710172054,more,0.0019437045569073502,free,0.0017277373839176444,bad,0.0012238139802749981,american,0.0010078468072852926,happy,0.0007918796342955871,strong,0.0007918796342955871,last,0.0007198905766323518,same,0.0007198905766323518,best,0.0007198905766323518
CyberGopher.csv,3575,56611,iqiyi,0.0014838105668509654,invisible,0.0012188443941990072,diverse,0.0011658511596686157,many,0.001112857925138224,great,0.001112857925138224,â€™,0.001112857925138224,more,0.0010598646906078324,new,0.0010598646906078324,ðŸ‘ŠðŸ§¢ðŸ‘Š-,0.0008478917524862659,ready,0.0006359188143646994
mb_hatch.csv,3960,96232,â€™,0.0030758999085543273,â€œ,0.0017769556904148308,more,0.0012365948956688003,american,0.0010807215894920608,many,0.0006962341009227699,fake,0.0006546678859423061,illegal,0.0006442763321971902,new,0.0006131016709618422,wrong,0.0005923185634716103,good,0.0005923185634716103
NickBreinerCPP.csv,284,4278,last,0.0023375409069658717,great,0.0023375409069658717,free,0.0023375409069658717,active,0.0023375409069658717,happy,0.0018700327255726976,good,0.0018700327255726976,fantastic,0.001402524544179523,professional,0.001402524544179523,annual,0.001402524544179523,tough,0.0009350163627863488
jackeva53658017.csv,62,1055,sure,0.005687203791469194,more,0.0037914691943127963,only,0.002843601895734597,â€œ,0.0018957345971563982,contagious,0.0018957345971563982,different,0.0018957345971563982,best,0.0018957345971563982,silent,0.0018957345971563982,real,0.0018957345971563982,new,0.0018957345971563982
DavidMuirJr.csv,6672,134216,great,0.0025928354294569946,ðŸ“Œ,0.0018552184538356083,new,0.001586994099064195,military,0.0014528819216784884,happy,0.001430529892114204,more,0.0013858258329856351,proud,0.0009164332121356619,free,0.0007599690051856709,good,0.0007599690051856709,meaningful,0.000715264946057102
kody_kirk.csv,6736,114068,â€™,0.004041448960269313,more,0.0016043062033173196,last,0.0015517059999298663,sure,0.0012361047796051478,good,0.0012361047796051478,re,0.0011835045762176948,happy,0.0011309043728302416,first,0.0011309043728302416,much,0.0010958375705719396,same,0.001052004067749062
JustmeRobW.csv,19430,285282,good,0.0012969623039659004,slappy,0.001027053932600024,other,0.0009709690762123093,same,0.0009148842198245946,much,0.0007816826859037724,own,0.0007641561682826116,stupid,0.00072910313304029,more,0.0007150819189433613,little,0.0006309546343617894,funny,0.0006099228132163964
TrueBennett.csv,9861,261611,â€™,0.003551073922732607,â€œ,0.0016589516495865999,political,0.0013531541104922957,re,0.0013187518873441866,american,0.001192610402467786,more,0.001058823979114028,many,0.0009785521251017733,own,0.0009021027403281972,good,0.0008944578018508396,ll,0.0008524106402253728
WesleyTSmith3.csv,67,922,other,0.0032537960954446853,next,0.0032537960954446853,good,0.0032537960954446853,interesting,0.0032537960954446853,better,0.0021691973969631237,first,0.0021691973969631237,suppoive,0.0021691973969631237,little,0.0021691973969631237,criminal,0.0021691973969631237,sure,0.0021691973969631237
Zombie_Mel_.csv,4786,54234,good,0.003226758122211159,happy,0.0012907032488844636,new,0.0011985101596784305,last,0.001180071541837224,more,0.0009403695099015378,beautiful,0.0007928605671718848,little,0.0007744219493306782,first,0.0007006674779658517,much,0.000682228860124645,best,0.000682228860124645
dorknrok22.csv,106,1818,same,0.0022002200220022,tough,0.0016501650165016502,happy,0.0016501650165016502,political,0.0016501650165016502,good,0.0016501650165016502,more,0.0011001100110011,first,0.0011001100110011,last,0.0011001100110011,least,0.0011001100110011,whole,0.0011001100110011
ericlarson171.csv,165,3270,ridiculous,0.003669724770642202,â€™,0.0027522935779816515,awesome,0.001834862385321101,american,0.001834862385321101,dumb,0.001834862385321101,terrible,0.001834862385321101,willing,0.001834862385321101,funny,0.0009174311926605505,don,0.0009174311926605505,democratic,0.0009174311926605505
andrewrkirsch.csv,84,2249,same,0.0031124944419742106,democratic,0.0017785682525566918,political,0.0017785682525566918,military,0.0017785682525566918,first,0.0013339261894175188,easy,0.0013339261894175188,own,0.0013339261894175188,new,0.0013339261894175188,more,0.0013339261894175188,national,0.0013339261894175188
k_kamar.csv,130,2004,â€™,0.003992015968063872,military,0.0029940119760479044,little,0.0029940119760479044,more,0.001996007984031936,sure,0.001996007984031936,good,0.001996007984031936,â€œ,0.001996007984031936,great,0.001996007984031936,interesting,0.001996007984031936,different,0.001996007984031936
hdwrench99.csv,161,3081,good,0.0029211295034079843,next,0.0029211295034079843,best,0.002596559558584875,past,0.0019474196689386564,more,0.0016228497241155468,white,0.0016228497241155468,great,0.0016228497241155468,>,0.0016228497241155468,stupid,0.0012982797792924375,leftist,0.0012982797792924375
StevenBeynon.csv,40775,653141,good,0.0018862695803815715,more,0.0010273432536006774,new,0.0009982530571499876,first,0.0009829424274390981,military,0.0008834233343183172,best,0.0008604573897519831,other,0.0008573952638098052,last,0.0008129944376482261,real,0.0008099323117060482,â€™,0.0007502208558335796
ChiefsDanny58.csv,2040,23249,good,0.0029248569830960473,last,0.0016774915050109683,great,0.0015484536969332015,other,0.0012903780807776678,more,0.0011613402726999011,first,0.0011183276700073121,wrong,0.0009892898619295453,bad,0.0009462772592369565,same,0.0009462772592369565,better,0.0009032646565443675
ServiceK9s4Vets.csv,482,16841,military,0.003681491597886111,post-traumatic,0.0030877026304851254,more,0.0025532925598242386,american,0.0014844724185024642,new,0.0014844724185024642,many,0.001365714625022267,â€™,0.0010688201413217742,traumatic,0.0010688201413217742,nonprofit,0.0010094412445816757,sexual,0.0010094412445816757
MattDrikas.csv,360,7948,great,0.0027679919476597888,â€™,0.002642174131857071,belgian,0.0021389028686462004,'connor,0.0013839959738298944,more,0.0013839959738298944,good,0.001132360342224459,happy,0.0010065425264217413,sure,0.000754906894816306,many,0.000754906894816306,new,0.000754906894816306
CarolinePestel.csv,155,2022,full,0.002967359050445104,japanese,0.002967359050445104,much,0.0019782393669634025,orite,0.0019782393669634025,first,0.0019782393669634025,many,0.001483679525222552,last,0.001483679525222552,more,0.001483679525222552,good,0.001483679525222552,top,0.0009891196834817012
marccgonzo.csv,2026,26362,good,0.0025794704498899933,....,0.0010621348911311736,more,0.001024201502162203,same,0.0009862681131932328,last,0.0009483347242242622,â€œ,0.0007966011683483802,many,0.0007586677793794097,military,0.0007586677793794097,much,0.0007586677793794097,â€™,0.0007586677793794097
fobosays.csv,52,831,looong,0.0036101083032490976,military,0.0036101083032490976,smash,0.0036101083032490976,first,0.0036101083032490976,canadian,0.0036101083032490976,entire,0.0024067388688327317,â€™,0.0024067388688327317,impeached,0.0024067388688327317,good,0.0024067388688327317,â€œ,0.0024067388688327317
JMFGoose.csv,1518,29174,good,0.0027764447795982725,great,0.0015081922259546172,best,0.0012339754575992322,many,0.001199698361554809,more,0.0010968670734215397,other,0.0009254815931994242,new,0.0008569274011105779,much,0.0008569274011105779,last,0.0008226503050661548,most,0.0008226503050661548
macleod842.csv,1607,28689,â€™,0.00418278782808742,good,0.003938791871448987,more,0.001882254522639339,great,0.0017428282617030918,best,0.00170797169646903,last,0.0015336888702987207,big,0.0013245494788943497,many,0.0012199797831921643,next,0.0012199797831921643,much,0.0010805535222559168
GeneEdwardsSCMO.csv,8095,109602,great,0.00509114797175234,happy,0.00254557398587617,good,0.0016970493239174469,fair,0.0009306399518256966,new,0.0008758964252477145,top,0.0007390376088027591,more,0.0006842940822247769,best,0.0006295505556467947,military,0.0005748070290688127,better,0.0004653199759128483
realtoyaboyd.csv,1509,25204,â€™,0.004046976670369783,much,0.001428344707189335,best,0.001229963497857483,happy,0.0011506110141247421,same,0.0010712585303920012,more,0.0009919060466592605,whole,0.0009522298047928901,real,0.0009125535629265196,true,0.0009125535629265196,good,0.0008728773210601492
thedrillsgt.csv,810,10266,great,0.0037015390609779855,best,0.0029222676797194622,good,0.0027274498344048315,happy,0.002532631989090201,clean,0.002142996298460939,better,0.0019481784531463083,ready,0.0019481784531463083,positive,0.0019481784531463083,only,0.0011689070718877848,first,0.0009740892265731541
ChattJazz.csv,13583,386311,american,0.0015195011273300527,good,0.0014754951321603578,more,0.0012891167996769443,great,0.001089795527437738,criminal,0.0008542340238823124,many,0.0007895193251033493,own,0.0007222160383732278,sure,0.0006807986311546915,incompetent,0.0006057295805710943,other,0.0005979638167176187
TheSchlewis.csv,1463,35428,last,0.0011855029919837416,â€™,0.0011290504685559444,many,0.0011290504685559444,next,0.001100824206842046,old,0.0010725979451281472,first,0.00101614542170035,other,0.0009879191599864515,much,0.0009596928982725527,happy,0.0009314666365586541,good,0.0008185615897030597
AndreaBillingsl.csv,1899,26634,white,0.0010888338214312533,..,0.0009386498460614253,more,0.0009386498460614253,black,0.0009011038522189682,new,0.0008635578583765112,other,0.0008260118645340542,big,0.0007884658706915972,â€™,0.0007509198768491402,sexual,0.0007509198768491402,dangerous,0.0005631899076368552
jfrie1424.csv,1834,20054,â€™,0.003141517901665503,good,0.003141517901665503,best,0.001944749177221502,more,0.0016455569961105017,big,0.0016455569961105017,next,0.0014959609055550016,first,0.0013463648149995013,last,0.0013463648149995013,bad,0.001047172633888501,great,0.0008975765433330009
BDALE1.csv,703,10132,great,0.005428345834978286,good,0.004836162652980655,next,0.0019739439399921043,last,0.0015791551519936833,big,0.001480457954994078,best,0.0013817607579944729,better,0.0012830635609948678,ready,0.0012830635609948678,new,0.0009869719699960521,first,0.0008882747729964469
RodReyesMota.csv,120,1217,good,0.005751848808545604,great,0.0049301561216105174,awesome,0.003286770747740345,una,0.0024650780608052587,little,0.0016433853738701725,grateful,0.0016433853738701725,..,0.0016433853738701725,ready,0.0016433853738701725,productive,0.0016433853738701725,more,0.0016433853738701725
gachervenak.csv,4970,59176,more,0.003278356090306881,awesome,0.002534811410031094,good,0.0015884818169528186,same,0.0011491145058807625,sure,0.0011153170204136812,great,0.0010815195349466,other,0.000946329593078275,much,0.0008449371366770313,beautiful,0.0007435446802757875,many,0.0007097471948087062
bolingerj2004.csv,2537,63452,good,0.002269432011599319,many,0.0015287146189245414,great,0.0015129546743995461,other,0.0012292756729496313,more,0.0011504759503246549,much,0.0010716762276996785,military,0.0010086364495996974,new,0.0010086364495996974,best,0.0009771165605497068,american,0.0008983168379247305
WarScar666.csv,1890,20064,julian,0.00194377990430622,more,0.001644736842105263,free,0.0015450558213716107,russian,0.0014453748006379586,good,0.0011463317384370016,many,0.000946969696969697,first,0.0008971291866028708,stupid,0.0006977671451355662,old,0.0006977671451355662,libearian,0.00064792663476874
tifflovesoils.csv,21827,531548,â€™,0.0056683498009587096,good,0.001868128560355791,military,0.0015426640679675214,more,0.001301857969553079,wrong,0.001279282397826725,bad,0.0012002678967844862,other,0.0010159007276859286,many,0.000878565999683942,true,0.0007976702009978402,same,0.000767569438696035
jeffisbluenow.csv,1686,40220,â€™,0.002909000497265042,good,0.001268025857782198,other,0.001268025857782198,â€œ,0.0012431626056688214,more,0.0010193933366484337,great,0.000870213823968175,ll,0.0008204873197414222,much,0.0007956240676280457,last,0.00069617105917454,many,0.0006713078070611636
junebug1387.csv,1503,19856,american,0.0017123287671232876,good,0.0014605157131345689,right,0.0013597904915390814,more,0.0009568896051571314,many,0.0008058017727639,best,0.0008058017727639,few,0.0007050765511684126,true,0.0006547139403706688,sure,0.0006547139403706688,real,0.0006547139403706688
DanielH_DC.csv,247,6281,good,0.0028657857029135486,more,0.0027065753860850182,great,0.0017513134851138354,public,0.0014328928514567743,best,0.0011144722177997134,many,0.0011144722177997134,other,0.0011144722177997134,clear,0.0011144722177997134,big,0.000955261900971183,safer,0.000955261900971183
MsSaltyGiggles.csv,1633,32745,â€™,0.00555810047335471,good,0.0017101847610322186,re,0.001313177584364025,best,0.0010994044892349978,other,0.0010688654756451366,new,0.0010383264620552756,bad,0.0010383264620552756,more,0.0009772484348755535,hard,0.0009161704076958314,much,0.0008856313941059704
brianknoch.csv,600,11188,many,0.0018770110833035395,other,0.0016088666428316052,sad,0.0014301036825169824,more,0.0014301036825169824,good,0.001340722202359671,wrong,0.0012513407222023596,such,0.0011619592420450482,leftist,0.0011619592420450482,pathetic,0.0010725777618877368,most,0.0010725777618877368
jeff_schlapp.csv,1332,22269,â€™,0.0022003682248866135,great,0.0015716915892047241,old,0.0015716915892047241,awesome,0.0015716915892047241,such,0.0014369751672728905,best,0.001302258745341057,last,0.0011675423234092236,cool,0.0011675423234092236,fantastic,0.0008981094795455566,good,0.0008532040055682788
Adrienne_Acts.csv,3362,41407,new,0.0017388364286231796,good,0.0016663849107638805,great,0.0015456323809983818,awesome,0.0011592242857487865,last,0.0011350737797956867,next,0.0009418697321708889,little,0.0008935687202646895,more,0.0008694182143115898,first,0.0008452677083584902,military,0.0007969666964522907
TheRealFitzNYC.csv,389,8130,safe,0.0019680196801968018,better,0.0019680196801968018,many,0.0014760147601476014,vulnerable,0.0014760147601476014,current,0.0009840098400984009,public,0.0009840098400984009,medical,0.0009840098400984009,serious,0.0009840098400984009,comprehensive,0.0009840098400984009,huge,0.0009840098400984009
leftwingcatmom.csv,6560,32493,good,0.002615948050349306,great,0.0018465515649524512,best,0.001631120549041332,happy,0.001477241251961961,beautiful,0.0012310343766349676,other,0.0008309482042286031,progressive,0.0008001723448127289,wonderful,0.0007078447665651063,awesome,0.0006770689071492321,little,0.0006770689071492321
hparichart.csv,4232,5463,christian,0.001281347245103423,sexual,0.0007321984257733846,military,0.0003660992128866923,presidential,0.0003660992128866923,courageous,0.0003660992128866923,â€œ,0.00018304960644334616,2-trillion,0.00018304960644334616,school,0.00018304960644334616,gender-neutral,0.00018304960644334616,//www1.cbn.com/cbnnews/us/2020/february/undercover-journalist-pleaded-not-guilty-to-criminal-charges-in-ca-baby-body-pas-case,0.00018304960644334616
LynnJauregui.csv,756,10470,hea,0.0017191977077363897,best,0.0017191977077363897,sure,0.0017191977077363897,new,0.0017191977077363897,good,0.0014326647564469914,free,0.0014326647564469914,great,0.001146131805157593,disgrace,0.001146131805157593,such,0.001146131805157593,ultrasonic,0.001146131805157593
StephanieTA_BAE.csv,765,14051,more,0.0028467724717101987,great,0.0028467724717101987,new,0.002063910041989894,exciting,0.0014945555476478542,proud,0.0012098783004768343,good,0.0010675396768913244,many,0.0009963703650985695,military,0.0009963703650985695,few,0.0008540317415130596,senior,0.0008540317415130596
EcyorRoycex.csv,188,808,nice,0.009900990099009901,caribbean,0.0049504950495049506,purpose,0.0024752475247524753,brisk,0.0024752475247524753,american,0.0024752475247524753,better,0.0024752475247524753,finest,0.0024752475247524753,incredible,0.0024752475247524753,correct,0.0024752475247524753,ready,0.0024752475247524753
iamdetashia.csv,1484,22474,great,0.003559668950787577,happy,0.0031147103319391295,good,0.0016018510278544096,â€¦,0.0012458841327756519,late,0.0011568924090059624,amazing,0.001067900685236273,more,0.0009789089614665836,last,0.0008899172376968942,ready,0.0008899172376968942,optional,0.0008899172376968942
1badmonkey.csv,192,3056,â€™,0.002617801047120419,better,0.001963350785340314,great,0.001963350785340314,more,0.001963350785340314,awesome,0.0016361256544502618,good,0.0016361256544502618,cool,0.0016361256544502618,young,0.0013089005235602095,many,0.0013089005235602095,â€¦,0.0013089005235602095
WilliamNickerso.csv,2289,28343,more,0.0019405144127297746,canadian,0.0018346681720354233,conservative,0.001270154888332216,lmfao-,0.0011290265674064144,many,0.0010231803267120628,such,0.0009878982464806125,military,0.0009878982464806125,freudian,0.0008467699255548107,other,0.0008467699255548107,few,0.0007762057650919098
MeVictorD.csv,11259,175924,..,0.002245287737886815,new,0.0016200177349309929,good,0.0011198017325663354,more,0.0009379050044337327,black,0.0006934812760055479,presidential,0.000551374457151952,âš¡,0.0004945317296105136,great,0.00048316318410222597,first,0.0004774789113480821,big,0.0004717946385939383
JayskerHater.csv,4867,101250,good,0.0025580246913580245,last,0.0012444444444444445,bad,0.0011753086419753085,other,0.0011753086419753085,more,0.0011358024691358025,sure,0.0010962962962962964,best,0.0010271604938271604,big,0.0010271604938271604,much,0.000997530864197531,little,0.0009382716049382716
OsbertUSMCVET.csv,1412,41643,â€™,0.0018010229810532382,other,0.0016329275028216027,military,0.001320750186105708,many,0.0011046274283793194,true,0.0010085728693898135,real,0.0009845592296424369,good,0.0009605455898950604,â€œ,0.0009605455898950604,great,0.0008644910309055544,right,0.0008404773911581779
Sarango.csv,902,11720,senior,0.006996587030716724,medical,0.003924914675767918,commercial,0.0037542662116040954,great,0.0018771331058020477,video,0.0018771331058020477,only,0.0011945392491467576,good,0.0011945392491467576,live,0.0010238907849829352,interested,0.0010238907849829352,more,0.0008532423208191126
thejoecardamone.csv,2282,39576,â€™,0.004320800485142511,great,0.0018192844147968466,â€œ,0.0015666060238528402,re,0.0015160703456640388,good,0.0014655346674752375,sure,0.001212856276531231,other,0.0011623205983424297,same,0.0011117849201536284,awesome,0.001061249241964827,orite,0.001061249241964827
sordellini_ed.csv,677,4500,good,0.009777777777777778,â€™,0.005333333333333333,happy,0.004222222222222222,beautiful,0.003111111111111111,ok,0.0022222222222222222,stupid,0.0022222222222222222,awesome,0.0017777777777777779,re,0.0017777777777777779,best,0.0015555555555555555,better,0.0013333333333333333
InSpaceXItrust.csv,4210,69987,sure,0.0027719433609098834,â€™,0.002357580693557375,awesome,0.0022004086473202166,good,0.002086101704602283,other,0.0013859716804549417,more,0.0011430694271793334,first,0.0011287810593395915,much,0.0010001857487819167,new,0.0009716090131024333,best,0.00094303227742295
LHQ_HUNK.csv,331,941,good,0.004250797024442083,æŸ¥çœ‹,0.003188097768331562,shooting_trailer_online-version_2019,0.0021253985122210413,ã€è¿½åŠ é–‹å‚¬ã€‘ã‚«ã‚°ãƒ©ãƒŠãƒŠ,0.0021253985122210413,ï¼,0.0021253985122210413,complete,0.0021253985122210413,chinese,0.0021253985122210413,å¾ˆæ£’å“¦,0.0010626992561105207,recent,0.0010626992561105207,real,0.0010626992561105207
twittylity.csv,161,5630,other,0.003019538188277087,own,0.002486678507992895,pandemic,0.001953818827708703,great,0.0017761989342806395,available,0.0014209591474245115,good,0.0012433392539964476,many,0.0012433392539964476,sure,0.0012433392539964476,military,0.0012433392539964476,serious,0.0012433392539964476
geart66.csv,752,13126,een,0.01066585403016913,niet,0.004875818985220173,het,0.0019808014627456954,dat,0.0015236934328813044,geen,0.001066585403016913,op,0.001066585403016913,alleen,0.0009142160597287826,ik,0.0007618467164406522,nog,0.0007618467164406522,te,0.0007618467164406522
CNNValentine.csv,3620,60509,â€œ,0.001355170305243848,new,0.0010411674296385662,â€™,0.0009915880282272058,last,0.0008924292254044853,big,0.000859376291130245,more,0.000842849823993125,good,0.0008263233568560049,sexual,0.0007932704225817647,>,0.0007602174883075245,military,0.0006610586854848039
RvaUnicorn.csv,3217,51917,â€™,0.004507194175318296,last,0.0017142747077065316,re,0.0014060904905907506,best,0.0013483059498815416,good,0.0012905214091723327,great,0.0012327368684631238,old,0.0012134753548933876,much,0.0011556908141841786,same,0.0011364293006144422,first,0.0010015987056262881
DestinysFreedom.csv,3586,79197,right,0.001553089132164097,democratic,0.0012753008321022261,american,0.001262674091190323,own,0.0011742869048070002,more,0.0011237799411593873,great,0.0008586183820094196,criminal,0.0008459916410975164,sure,0.0007070974910665808,little,0.0006944707501546776,corrupt,0.0006944707501546776
ThibodeauBob.csv,7901,120483,new,0.0025729771005038055,first,0.001900683083920553,open,0.0018342836748752936,best,0.0014856867773876813,british,0.0013943875899504494,..,0.0011121901015080965,more,0.0009295917266336329,good,0.0008714922437190309,final,0.0008548923914577161,european,0.000796792908543114
kaelinlocker.csv,84,1434,great,0.005578800557880056,many,0.0041841004184100415,same,0.0041841004184100415,â€œ,0.0041841004184100415,serious,0.002789400278940028,impoant,0.002789400278940028,military,0.002789400278940028,much,0.002789400278940028,wrong,0.001394700139470014,utilizing,0.001394700139470014
johnpaulredmond.csv,6418,158650,â€™,0.003517176173967854,foreign,0.0014497321147179327,suicide,0.0011849984242042232,re,0.0010715411282697762,good,0.0010337220296249606,more,0.0009832965647652064,sure,0.000882445635045698,other,0.000857232902615821,wrong,0.0008320201701859439,real,0.0008194138039710054
usma6679.csv,2642,57647,good,0.002341839124325637,â€œ,0.001821430430031051,â€™,0.0017346956476486201,great,0.0017346956476486201,little,0.001717348691172134,such,0.001387756518118896,liberal,0.0012663278227834926,many,0.0012142869533540341,more,0.0011622460839245754,stupid,0.0011448991274480892
Survance.csv,2881,37268,â€™,0.005634861006761833,more,0.002414940431469357,good,0.0018782870022539444,free,0.0018782870022539444,other,0.001314800901577761,own,0.0012611355586562198,â€œ,0.0012074702157346786,same,0.001100139529891596,illegal,0.0007781474723623484,re,0.0007513148009015778
ColdBudCash.csv,677,11726,great,0.002558417192563534,true,0.001876172607879925,good,0.001876172607879925,more,0.0013644891693672181,real,0.0011939280231963159,new,0.0010233668770254136,american,0.0008528057308545113,crazy,0.0008528057308545113,bad,0.0008528057308545113,hard,0.0008528057308545113
EllisBaumer.csv,1507,25122,great,0.009832019743650984,â€¦,0.002786402356500279,â€œ,0.0016718414139001673,good,0.0014728126741501474,â€™,0.0013533954303001354,more,0.0011941724385001193,other,0.0010349494467001034,new,0.0008757264549000876,military,0.0007961149590000797,first,0.0007961149590000797
BrandonScott361.csv,1080,10979,..,0.0017305765552418253,â€™,0.0015484106020584752,military,0.001184078695691775,top,0.0010019127425084252,more,0.0009108297659167502,great,0.0008197467893250751,new,0.0008197467893250751,â€¦,0.0008197467893250751,real,0.0006375808361417251,last,0.0006375808361417251
gijunknw.csv,420,6989,great,0.005723279439118615,more,0.004149377593360996,happy,0.0035770496494491343,best,0.002289311775647446,new,0.0018600658177135498,orite,0.0012877378738016883,full,0.0012877378738016883,good,0.001144655887823723,other,0.001144655887823723,..,0.0010015739018457575
PaulDSmith9.csv,957,35727,fascist,0.0022671928793349568,american,0.0021552327371455763,sociopathic,0.001931312452766815,good,0.0010636213507991155,treasonous,0.0010076412797044253,other,0.0008956811375150447,last,0.0008117110308730092,constitutional,0.000783720995325664,entire,0.0007557309597783189,same,0.0007277409242309738
BottleBreacher.csv,12084,169829,â€¦,0.0017605944803302145,happy,0.0014367393083631183,great,0.0013013089637223326,new,0.0012718675844525964,awesome,0.0012188731017670716,more,0.0011246606881039163,american,0.001118772412249969,last,0.0010127834468789195,best,0.0009244593090697113,good,0.0008950179297999753
mcpon12.csv,288,1905,great,0.015748031496062992,free,0.004724409448818898,earned,0.0031496062992125984,good,0.0031496062992125984,educational,0.0031496062992125984,happy,0.0031496062992125984,dry,0.0031496062992125984,new,0.0015748031496062992,overall,0.0015748031496062992,safe,0.0015748031496062992
iknowhoiam1984.csv,3224,70232,good,0.002477503132475225,ur,0.001509283517484907,more,0.00125299008998747,ready,0.0008543114249914569,much,0.0008543114249914569,new,0.0008258343774917416,white,0.0008258343774917416,other,0.0007973573299920264,wrong,0.0007973573299920264,many,0.0007119261874928807
encantoman.csv,1105,27056,good,0.0017740981667652277,new,0.0017371377882909522,real,0.0014044943820224719,bad,0.0013675340035481964,old,0.001293613246599645,many,0.0011827321111768185,con,0.0011088113542282673,total,0.000960969840331165,ur,0.000960969840331165,useless,0.0008870490833826139
alamomanatee.csv,639,8103,great,0.0055534987041836355,next,0.00259163272861903,amazing,0.00259163272861903,best,0.0018511662347278786,nice,0.0018511662347278786,long,0.001480932987782303,happy,0.001480932987782303,good,0.001480932987782303,â€™,0.001480932987782303,new,0.001480932987782303
WillHumbleYou.csv,9096,183181,â€™,0.003925079566112206,liberal,0.0025057183878240646,evil,0.0018124150430448573,re,0.0016213471921214537,pathetic,0.0012119160829998745,fake,0.00120645700154492,more,0.0010153891506215163,awesome,0.0009990119062566532,same,0.0009771755804368358,good,0.0009607983360719726
MicheleLRuppert.csv,4157,54637,new,0.0023793400076870985,good,0.002141406006918389,....,0.0017204458517122096,happy,0.0015191170818309938,cute,0.001464209235499753,awesome,0.0014093013891685123,adorable,0.0012079726192872962,cool,0.0012079726192872962,great,0.0011164595420685617,more,0.000823617694968611
lance_newbold.csv,680,6760,great,0.003106508875739645,good,0.002514792899408284,â€™,0.002514792899408284,happy,0.0020710059171597634,young,0.0017751479289940828,first,0.0013313609467455621,best,0.0013313609467455621,last,0.001183431952662722,much,0.001183431952662722,better,0.001183431952662722
Timpolkovitz.csv,10675,162239,â€™,0.0022312760803505937,funny,0.0017258489019286363,good,0.0014792990587959738,american,0.0014114978519344918,more,0.0012697316921332108,most,0.0012327492156633116,other,0.0011772755009584624,same,0.0011033105480186638,....,0.0009492168960607499,sure,0.0009430531499824333
Vet0917.csv,213,3927,â€™,0.0038197097020626434,many,0.0030557677616501145,little,0.0030557677616501145,horrible,0.002291825821237586,first,0.002291825821237586,dead,0.0015278838808250573,awesome,0.0015278838808250573,same,0.0015278838808250573,political,0.0015278838808250573,independent,0.0015278838808250573
Jon_E_Arnold.csv,292,5332,great,0.00450112528132033,good,0.003000750187546887,happy,0.0018754688672168042,big,0.001312828207051763,next,0.001312828207051763,best,0.001312828207051763,last,0.0011252813203300824,new,0.0011252813203300824,real,0.0009377344336084021,free,0.0009377344336084021
GRUNT_EnGiNeEr.csv,521,11261,good,0.0016872391439481395,last,0.001420832963324749,other,0.001420832963324749,much,0.0012432288429091555,many,0.0012432288429091555,least,0.0008880206020779682,hungry,0.0007992185418701714,due,0.0007992185418701714,few,0.0007104164816623745,homeless,0.0007104164816623745
kevinjleahy.csv,1100,24910,â€™,0.004054596547571256,good,0.0022882376555600163,great,0.002167804094741068,pathetic,0.0012846246487354476,complete,0.0011641910879164994,awesome,0.0010036130068245685,more,0.0009634684865515857,many,0.000923323966278603,bad,0.000923323966278603,unbelievable,0.0008831794460056202
kimmeld8.csv,9626,231305,good,0.0015996195499448779,more,0.001383454745898273,true,0.001305635416441495,many,0.0012407859752275134,other,0.0009381552495622662,ur,0.000929508657400402,real,0.0009208620652385378,own,0.000756576814163118,usa,0.0007306370376775254,great,0.0007003739651110007
